dimensions,budget,problem,algorithm,perf_a,perf_b,equal
100,200,f1_Sphere,CMA,1260.9080906965,1260.9080906965,True
100,200,f1_Sphere,CMA,1218.9639416891,1218.9639416891,True
100,200,f1_Sphere,CMA,1042.5489880492,1042.5489880492,True
100,200,f1_Sphere,CMA,993.1693425451,993.1693425451,True
100,200,f1_Sphere,CMA,1102.2731698308,1102.2731698308,True
100,200,f1_Sphere,CMA,1010.6454619165,1010.6454619165,True
100,200,f1_Sphere,CMA,849.891076556,849.891076556,True
100,200,f1_Sphere,CMA,1036.7648655471,1036.7648655471,True
100,200,f1_Sphere,CMA,885.1816626545,885.1816626545,True
100,200,f1_Sphere,CMA,1171.236215309,1171.236215309,True
100,200,f1_Sphere,CMA,1110.2867476763,1110.2867476763,True
100,200,f1_Sphere,CMA,1213.1114420181,1213.1114420181,True
100,200,f1_Sphere,CMA,1199.681450127,1199.681450127,True
100,200,f1_Sphere,CMA,1099.5890460957,1099.5890460957,True
100,200,f1_Sphere,CMA,1316.3283586789,1316.3283586789,True
100,200,f1_Sphere,CMA,1110.5913166017,1110.5913166017,True
100,200,f1_Sphere,CMA,1200.6632904187,1200.6632904187,True
100,200,f1_Sphere,CMA,1404.0073941598,1404.0073941598,True
100,200,f1_Sphere,CMA,1367.7777070022,1367.7777070022,True
100,200,f1_Sphere,CMA,921.0205665532,921.0205665532,True
100,200,f1_Sphere,CMA,1019.745153154,1019.745153154,True
100,200,f1_Sphere,CMA,1222.8893943905,1222.8893943905,True
100,200,f1_Sphere,CMA,985.1645946379,985.1645946379,True
100,200,f1_Sphere,CMA,1015.0890442967,1015.0890442967,True
100,200,f1_Sphere,CMA,1120.39642898,1120.39642898,True
100,200,f1_Sphere,ChainMetaModelPowell,1260.9080906965,1298.4444204165,False
100,200,f1_Sphere,ChainMetaModelPowell,1218.9639416891,1277.7662040648,False
100,200,f1_Sphere,ChainMetaModelPowell,1042.5489880492,1091.1335731984,False
100,200,f1_Sphere,ChainMetaModelPowell,993.1693425451,1005.2741732948,False
100,200,f1_Sphere,ChainMetaModelPowell,1102.2731698308,1116.30615196,False
100,200,f1_Sphere,ChainMetaModelPowell,1010.6454619165,1038.5609032112,False
100,200,f1_Sphere,ChainMetaModelPowell,849.891076556,884.7982397173,False
100,200,f1_Sphere,ChainMetaModelPowell,1036.7648655471,1052.4168394501,False
100,200,f1_Sphere,ChainMetaModelPowell,885.1816626545,913.4496938241,False
100,200,f1_Sphere,ChainMetaModelPowell,1171.236215309,1215.7344663519,False
100,200,f1_Sphere,ChainMetaModelPowell,1110.2867476763,1156.1040746161,False
100,200,f1_Sphere,ChainMetaModelPowell,1213.1114420181,1249.0459356052,False
100,200,f1_Sphere,ChainMetaModelPowell,1199.681450127,1246.007403821,False
100,200,f1_Sphere,ChainMetaModelPowell,1099.5890460957,1123.3418760361,False
100,200,f1_Sphere,ChainMetaModelPowell,1316.3283586789,1357.5354537865,False
100,200,f1_Sphere,ChainMetaModelPowell,1110.5913166017,1152.131039993,False
100,200,f1_Sphere,ChainMetaModelPowell,1200.6632904187,1239.4614312724,False
100,200,f1_Sphere,ChainMetaModelPowell,1404.0073941598,1450.6428235333,False
100,200,f1_Sphere,ChainMetaModelPowell,1367.7777070022,1404.2606521588,False
100,200,f1_Sphere,ChainMetaModelPowell,921.0205665532,927.1389270053,False
100,200,f1_Sphere,ChainMetaModelPowell,1019.745153154,1058.8762956324,False
100,200,f1_Sphere,ChainMetaModelPowell,1222.8893943905,1283.8816179226,False
100,200,f1_Sphere,ChainMetaModelPowell,985.1645946379,988.81801836,False
100,200,f1_Sphere,ChainMetaModelPowell,1015.0890442967,1021.7340925204,False
100,200,f1_Sphere,ChainMetaModelPowell,1120.39642898,1162.1793253327,False
100,200,f1_Sphere,Cobyla,337.9348935595,337.9348935595,True
100,200,f1_Sphere,Cobyla,293.6556234993,293.6556234993,True
100,200,f1_Sphere,Cobyla,281.7488515069,281.7488515069,True
100,200,f1_Sphere,Cobyla,262.186923646,262.186923646,True
100,200,f1_Sphere,Cobyla,291.6698905278,291.6698905278,True
100,200,f1_Sphere,Cobyla,247.7671086815,247.7671086815,True
100,200,f1_Sphere,Cobyla,185.2889872512,185.2889872512,True
100,200,f1_Sphere,Cobyla,313.9458797245,313.9458797245,True
100,200,f1_Sphere,Cobyla,221.4438177252,221.4438177252,True
100,200,f1_Sphere,Cobyla,292.8656194796,292.8656194796,True
100,200,f1_Sphere,Cobyla,289.2939454607,289.2939454607,True
100,200,f1_Sphere,Cobyla,366.1490698884,366.1490698884,True
100,200,f1_Sphere,Cobyla,366.5335695577,366.5335695577,True
100,200,f1_Sphere,Cobyla,279.9923606302,279.9923606302,True
100,200,f1_Sphere,Cobyla,336.1954785435,336.1954785435,True
100,200,f1_Sphere,Cobyla,319.8905646723,319.8905646723,True
100,200,f1_Sphere,Cobyla,323.7256246584,323.7256246584,True
100,200,f1_Sphere,Cobyla,427.6557233224,427.6557233224,True
100,200,f1_Sphere,Cobyla,404.009630087,404.009630087,True
100,200,f1_Sphere,Cobyla,233.3675688361,233.3675688361,True
100,200,f1_Sphere,Cobyla,269.0190811497,269.0190811497,True
100,200,f1_Sphere,Cobyla,359.2442034579,359.2442034579,True
100,200,f1_Sphere,Cobyla,226.9204545857,226.9204545857,True
100,200,f1_Sphere,Cobyla,239.8579248231,239.8579248231,True
100,200,f1_Sphere,Cobyla,286.9325582762,286.9325582762,True
100,200,f1_Sphere,MetaModel,1260.9080906965,1260.9080906965,True
100,200,f1_Sphere,MetaModel,1218.9639416891,1218.9639416891,True
100,200,f1_Sphere,MetaModel,1042.5489880492,1042.5489880492,True
100,200,f1_Sphere,MetaModel,993.1693425451,993.1693425451,True
100,200,f1_Sphere,MetaModel,1102.2731698308,1102.2731698308,True
100,200,f1_Sphere,MetaModel,1010.6454619165,1010.6454619165,True
100,200,f1_Sphere,MetaModel,849.891076556,849.891076556,True
100,200,f1_Sphere,MetaModel,1036.7648655471,1036.7648655471,True
100,200,f1_Sphere,MetaModel,885.1816626545,885.1816626545,True
100,200,f1_Sphere,MetaModel,1171.236215309,1171.236215309,True
100,200,f1_Sphere,MetaModel,1110.2867476763,1110.2867476763,True
100,200,f1_Sphere,MetaModel,1213.1114420181,1213.1114420181,True
100,200,f1_Sphere,MetaModel,1199.681450127,1199.681450127,True
100,200,f1_Sphere,MetaModel,1099.5890460957,1099.5890460957,True
100,200,f1_Sphere,MetaModel,1316.3283586789,1316.3283586789,True
100,200,f1_Sphere,MetaModel,1110.5913166017,1110.5913166017,True
100,200,f1_Sphere,MetaModel,1200.6632904187,1200.6632904187,True
100,200,f1_Sphere,MetaModel,1404.0073941598,1404.0073941598,True
100,200,f1_Sphere,MetaModel,1367.7777070022,1367.7777070022,True
100,200,f1_Sphere,MetaModel,921.0205665532,921.0205665532,True
100,200,f1_Sphere,MetaModel,1019.745153154,1019.745153154,True
100,200,f1_Sphere,MetaModel,1222.8893943905,1222.8893943905,True
100,200,f1_Sphere,MetaModel,985.1645946379,985.1645946379,True
100,200,f1_Sphere,MetaModel,1015.0890442967,1015.0890442967,True
100,200,f1_Sphere,MetaModel,1120.39642898,1120.39642898,True
100,200,f1_Sphere,MetaModelOnePlusOne,441.287451515,441.287451515,True
100,200,f1_Sphere,MetaModelOnePlusOne,423.2521156567,423.2521156567,True
100,200,f1_Sphere,MetaModelOnePlusOne,475.4475402896,475.4475402896,True
100,200,f1_Sphere,MetaModelOnePlusOne,348.6710924306,348.6710924306,True
100,200,f1_Sphere,MetaModelOnePlusOne,355.6100329695,355.6100329695,True
100,200,f1_Sphere,MetaModelOnePlusOne,443.7667100338,443.7667100338,True
100,200,f1_Sphere,MetaModelOnePlusOne,370.8264328155,370.8264328155,True
100,200,f1_Sphere,MetaModelOnePlusOne,355.5701371851,355.5701371851,True
100,200,f1_Sphere,MetaModelOnePlusOne,434.2785481533,434.2785481533,True
100,200,f1_Sphere,MetaModelOnePlusOne,491.7778905457,491.7778905457,True
100,200,f1_Sphere,MetaModelOnePlusOne,429.3437885425,429.3437885425,True
100,200,f1_Sphere,MetaModelOnePlusOne,521.6526066519,521.6526066519,True
100,200,f1_Sphere,MetaModelOnePlusOne,358.5056965675,358.5056965675,True
100,200,f1_Sphere,MetaModelOnePlusOne,456.5595352179,456.5595352179,True
100,200,f1_Sphere,MetaModelOnePlusOne,388.5425299366,388.5425299366,True
100,200,f1_Sphere,MetaModelOnePlusOne,496.5515574612,496.5515574612,True
100,200,f1_Sphere,MetaModelOnePlusOne,551.6878298007,551.6878298007,True
100,200,f1_Sphere,MetaModelOnePlusOne,477.4229724617,477.4229724617,True
100,200,f1_Sphere,MetaModelOnePlusOne,466.2311633917,466.2311633917,True
100,200,f1_Sphere,MetaModelOnePlusOne,383.4491939684,383.4491939684,True
100,200,f1_Sphere,MetaModelOnePlusOne,438.3935992389,438.3935992389,True
100,200,f1_Sphere,MetaModelOnePlusOne,501.5801058149,501.5801058149,True
100,200,f1_Sphere,MetaModelOnePlusOne,496.0008568377,496.0008568377,True
100,200,f1_Sphere,MetaModelOnePlusOne,345.9772777502,345.9772777502,True
100,200,f1_Sphere,MetaModelOnePlusOne,393.8951987146,393.8951987146,True
100,200,f1_Sphere,ParametrizedMetaModel(multivariate_optimizer=CmaFmin2),392.4764809045,454.9862848738,False
100,200,f1_Sphere,ParametrizedMetaModel(multivariate_optimizer=CmaFmin2),330.9221764582,462.3025051292,False
100,200,f1_Sphere,ParametrizedMetaModel(multivariate_optimizer=CmaFmin2),426.4632336626,388.3308187472,False
100,200,f1_Sphere,ParametrizedMetaModel(multivariate_optimizer=CmaFmin2),412.5232821487,350.4271691479,False
100,200,f1_Sphere,ParametrizedMetaModel(multivariate_optimizer=CmaFmin2),443.0066275684,433.9676342372,False
100,200,f1_Sphere,ParametrizedMetaModel(multivariate_optimizer=CmaFmin2),404.638163531,395.1468705552,False
100,200,f1_Sphere,ParametrizedMetaModel(multivariate_optimizer=CmaFmin2),410.4464871567,384.6311290178,False
100,200,f1_Sphere,ParametrizedMetaModel(multivariate_optimizer=CmaFmin2),379.1651857632,417.7059856826,False
100,200,f1_Sphere,ParametrizedMetaModel(multivariate_optimizer=CmaFmin2),427.1001962491,350.5040146362,False
100,200,f1_Sphere,ParametrizedMetaModel(multivariate_optimizer=CmaFmin2),412.6844283168,457.532138905,False
100,200,f1_Sphere,ParametrizedMetaModel(multivariate_optimizer=CmaFmin2),397.7643230414,436.5787440622,False
100,200,f1_Sphere,ParametrizedMetaModel(multivariate_optimizer=CmaFmin2),430.7390076398,391.6757545761,False
100,200,f1_Sphere,ParametrizedMetaModel(multivariate_optimizer=CmaFmin2),384.2295071471,427.7629856608,False
100,200,f1_Sphere,ParametrizedMetaModel(multivariate_optimizer=CmaFmin2),390.5846734903,412.2622642563,False
100,200,f1_Sphere,ParametrizedMetaModel(multivariate_optimizer=CmaFmin2),432.9135621624,436.5976194525,False
100,200,f1_Sphere,ParametrizedMetaModel(multivariate_optimizer=CmaFmin2),488.0470464197,423.0401475671,False
100,200,f1_Sphere,ParametrizedMetaModel(multivariate_optimizer=CmaFmin2),412.6404912101,406.0158392974,False
100,200,f1_Sphere,ParametrizedMetaModel(multivariate_optimizer=CmaFmin2),465.9128682718,435.2752019919,False
100,200,f1_Sphere,ParametrizedMetaModel(multivariate_optimizer=CmaFmin2),399.4328578214,387.7158344801,False
100,200,f1_Sphere,ParametrizedMetaModel(multivariate_optimizer=CmaFmin2),362.2230084825,377.3413232577,False
100,200,f1_Sphere,ParametrizedMetaModel(multivariate_optimizer=CmaFmin2),409.3076482974,401.6407216959,False
100,200,f1_Sphere,ParametrizedMetaModel(multivariate_optimizer=CmaFmin2),368.291077419,407.2762827083,False
100,200,f1_Sphere,ParametrizedMetaModel(multivariate_optimizer=CmaFmin2),464.3022753621,453.2420159835,False
100,200,f1_Sphere,ParametrizedMetaModel(multivariate_optimizer=CmaFmin2),407.6933668874,404.5729819932,False
100,200,f1_Sphere,ParametrizedMetaModel(multivariate_optimizer=CmaFmin2),349.1639845947,392.5737162397,False
100,200,f1_Sphere,ConfPortfolio_scale2_NA_ngopt14s_12,537.2073875685,1341.2037555222,False
100,200,f1_Sphere,ConfPortfolio_scale2_NA_ngopt14s_12,460.2257022166,1323.5933913674,False
100,200,f1_Sphere,ConfPortfolio_scale2_NA_ngopt14s_12,508.2875362049,1145.0652034753,False
100,200,f1_Sphere,ConfPortfolio_scale2_NA_ngopt14s_12,433.3962581993,1067.7818670324,False
100,200,f1_Sphere,ConfPortfolio_scale2_NA_ngopt14s_12,347.3877676962,1200.1384873007,False
100,200,f1_Sphere,ConfPortfolio_scale2_NA_ngopt14s_12,483.7491545289,1094.2873348262,False
100,200,f1_Sphere,ConfPortfolio_scale2_NA_ngopt14s_12,455.6153984108,938.171992643,False
100,200,f1_Sphere,ConfPortfolio_scale2_NA_ngopt14s_12,469.9129511511,1149.4956457544,False
100,200,f1_Sphere,ConfPortfolio_scale2_NA_ngopt14s_12,454.1701374296,956.0346505486,False
100,200,f1_Sphere,ConfPortfolio_scale2_NA_ngopt14s_12,475.3751880706,1285.0171346297,False
100,200,f1_Sphere,ConfPortfolio_scale2_NA_ngopt14s_12,470.6006423559,1176.415548643,False
100,200,f1_Sphere,ConfPortfolio_scale2_NA_ngopt14s_12,616.204525727,1293.9902388236,False
100,200,f1_Sphere,ConfPortfolio_scale2_NA_ngopt14s_12,538.1971634216,1302.078655234,False
100,200,f1_Sphere,ConfPortfolio_scale2_NA_ngopt14s_12,467.4213369165,1194.7619154825,False
100,200,f1_Sphere,ConfPortfolio_scale2_NA_ngopt14s_12,408.8333120036,1415.4258222053,False
100,200,f1_Sphere,ConfPortfolio_scale2_NA_ngopt14s_12,502.4272109763,1205.6400116584,False
100,200,f1_Sphere,ConfPortfolio_scale2_NA_ngopt14s_12,557.3146403389,1275.5670661584,False
100,200,f1_Sphere,ConfPortfolio_scale2_NA_ngopt14s_12,482.214549,1484.2285640249,False
100,200,f1_Sphere,ConfPortfolio_scale2_NA_ngopt14s_12,502.3546570195,1457.1121869394,False
100,200,f1_Sphere,ConfPortfolio_scale2_NA_ngopt14s_12,455.0069450723,991.6848296997,False
100,200,f1_Sphere,ConfPortfolio_scale2_NA_ngopt14s_12,659.0226844639,1108.6880830951,False
100,200,f1_Sphere,ConfPortfolio_scale2_NA_ngopt14s_12,519.4304388659,1317.8388710412,False
100,200,f1_Sphere,ConfPortfolio_scale2_NA_ngopt14s_12,491.1788245139,1061.4401839827,False
100,200,f1_Sphere,ConfPortfolio_scale2_NA_ngopt14s_12,358.6301528504,1100.7944853998,False
100,200,f1_Sphere,ConfPortfolio_scale2_NA_ngopt14s_12,362.4309088133,1219.6042883733,False
100,200,f1_Sphere,ConfPortfolio_scale2_NA_ngopt14s_11,536.5415179496,1334.2213811433,False
100,200,f1_Sphere,ConfPortfolio_scale2_NA_ngopt14s_11,508.1488857786,1335.4308086365,False
100,200,f1_Sphere,ConfPortfolio_scale2_NA_ngopt14s_11,461.321025546,1132.2361862544,False
100,200,f1_Sphere,ConfPortfolio_scale2_NA_ngopt14s_11,414.2559268395,1073.8049420647,False
100,200,f1_Sphere,ConfPortfolio_scale2_NA_ngopt14s_11,462.0504884636,1196.7983712245,False
100,200,f1_Sphere,ConfPortfolio_scale2_NA_ngopt14s_11,483.7491545289,1071.8734050345,False
100,200,f1_Sphere,ConfPortfolio_scale2_NA_ngopt14s_11,463.1162825652,934.8377983327,False
100,200,f1_Sphere,ConfPortfolio_scale2_NA_ngopt14s_11,538.3545649647,1137.6772095546,False
100,200,f1_Sphere,ConfPortfolio_scale2_NA_ngopt14s_11,418.9639269421,964.9810320967,False
100,200,f1_Sphere,ConfPortfolio_scale2_NA_ngopt14s_11,448.8135868307,1281.3419577667,False
100,200,f1_Sphere,ConfPortfolio_scale2_NA_ngopt14s_11,465.2585450311,1176.273115424,False
100,200,f1_Sphere,ConfPortfolio_scale2_NA_ngopt14s_11,553.7707843165,1295.5466014617,False
100,200,f1_Sphere,ConfPortfolio_scale2_NA_ngopt14s_11,550.0424863728,1297.8483870484,False
100,200,f1_Sphere,ConfPortfolio_scale2_NA_ngopt14s_11,603.4543347225,1196.9609936001,False
100,200,f1_Sphere,ConfPortfolio_scale2_NA_ngopt14s_11,396.5842969286,1401.5002574706,False
100,200,f1_Sphere,ConfPortfolio_scale2_NA_ngopt14s_11,502.4272109763,1193.9688536249,False
100,200,f1_Sphere,ConfPortfolio_scale2_NA_ngopt14s_11,497.8207569016,1265.9473988627,False
100,200,f1_Sphere,ConfPortfolio_scale2_NA_ngopt14s_11,482.214549,1487.3439579895,False
100,200,f1_Sphere,ConfPortfolio_scale2_NA_ngopt14s_11,492.933321246,1463.1948121129,False
100,200,f1_Sphere,ConfPortfolio_scale2_NA_ngopt14s_11,514.4756059818,994.5804715563,False
100,200,f1_Sphere,ConfPortfolio_scale2_NA_ngopt14s_11,659.0226844639,1090.4171899284,False
100,200,f1_Sphere,ConfPortfolio_scale2_NA_ngopt14s_11,517.474072944,1315.2600293315,False
100,200,f1_Sphere,ConfPortfolio_scale2_NA_ngopt14s_11,485.6792958393,1059.469074108,False
100,200,f1_Sphere,ConfPortfolio_scale2_NA_ngopt14s_11,358.6301528504,1083.4770381975,False
100,200,f1_Sphere,ConfPortfolio_scale2_NA_ngopt14s_11,470.1842547893,1212.4144402372,False
100,200,f1_Sphere,ConfPortfolio_scale2_NA_ngopt14s_10,535.9533142718,1332.0247274196,False
100,200,f1_Sphere,ConfPortfolio_scale2_NA_ngopt14s_10,464.2733911166,1328.2304406177,False
100,200,f1_Sphere,ConfPortfolio_scale2_NA_ngopt14s_10,501.3168257205,1139.0689675449,False
100,200,f1_Sphere,ConfPortfolio_scale2_NA_ngopt14s_10,390.8678214995,1073.4916220042,False
100,200,f1_Sphere,ConfPortfolio_scale2_NA_ngopt14s_10,410.8975395007,1186.6152009792,False
100,200,f1_Sphere,ConfPortfolio_scale2_NA_ngopt14s_10,483.7491545289,1080.4501095179,False
100,200,f1_Sphere,ConfPortfolio_scale2_NA_ngopt14s_10,515.7130645324,931.7493645262,False
100,200,f1_Sphere,ConfPortfolio_scale2_NA_ngopt14s_10,492.0178827691,1150.7536200058,False
100,200,f1_Sphere,ConfPortfolio_scale2_NA_ngopt14s_10,494.6110520841,961.9472217255,False
100,200,f1_Sphere,ConfPortfolio_scale2_NA_ngopt14s_10,495.7185934159,1276.1503187922,False
100,200,f1_Sphere,ConfPortfolio_scale2_NA_ngopt14s_10,475.4294434348,1178.7072055912,False
100,200,f1_Sphere,ConfPortfolio_scale2_NA_ngopt14s_10,495.4092223817,1306.0602258117,False
100,200,f1_Sphere,ConfPortfolio_scale2_NA_ngopt14s_10,493.4493212845,1296.0147111045,False
100,200,f1_Sphere,ConfPortfolio_scale2_NA_ngopt14s_10,496.5772296295,1184.2471972669,False
100,200,f1_Sphere,ConfPortfolio_scale2_NA_ngopt14s_10,393.6441788685,1410.9110244572,False
100,200,f1_Sphere,ConfPortfolio_scale2_NA_ngopt14s_10,502.4272109763,1206.8327133877,False
100,200,f1_Sphere,ConfPortfolio_scale2_NA_ngopt14s_10,516.4032179775,1273.1665753381,False
100,200,f1_Sphere,ConfPortfolio_scale2_NA_ngopt14s_10,482.214549,1494.6057735785,False
100,200,f1_Sphere,ConfPortfolio_scale2_NA_ngopt14s_10,450.9864449434,1449.4021976724,False
100,200,f1_Sphere,ConfPortfolio_scale2_NA_ngopt14s_10,432.3186967378,999.1704386622,False
100,200,f1_Sphere,ConfPortfolio_scale2_NA_ngopt14s_10,659.0226844639,1100.3760012004,False
100,200,f1_Sphere,ConfPortfolio_scale2_NA_ngopt14s_10,517.474072944,1322.5389765659,False
100,200,f1_Sphere,ConfPortfolio_scale2_NA_ngopt14s_10,481.0273062977,1060.8816125395,False
100,200,f1_Sphere,ConfPortfolio_scale2_NA_ngopt14s_10,358.6301528504,1088.9324635254,False
100,200,f1_Sphere,ConfPortfolio_scale2_NA_ngopt14s_10,384.2589975096,1208.1357800596,False
100,200,f1_Sphere,ConfPortfolio_scale2_NA_ngopt14s_9,474.3048479457,1329.3703971185,False
100,200,f1_Sphere,ConfPortfolio_scale2_NA_ngopt14s_9,489.7647270178,1324.7207113838,False
100,200,f1_Sphere,ConfPortfolio_scale2_NA_ngopt14s_9,588.3436189394,1134.2468157227,False
100,200,f1_Sphere,ConfPortfolio_scale2_NA_ngopt14s_9,462.2340285628,1081.5704898755,False
100,200,f1_Sphere,ConfPortfolio_scale2_NA_ngopt14s_9,382.0031330025,1183.7759017189,False
100,200,f1_Sphere,ConfPortfolio_scale2_NA_ngopt14s_9,474.4840900255,1087.7055923264,False
100,200,f1_Sphere,ConfPortfolio_scale2_NA_ngopt14s_9,515.7130645324,924.1459172643,False
100,200,f1_Sphere,ConfPortfolio_scale2_NA_ngopt14s_9,472.1522451567,1147.6935878161,False
100,200,f1_Sphere,ConfPortfolio_scale2_NA_ngopt14s_9,488.6085601138,958.22349108,False
100,200,f1_Sphere,ConfPortfolio_scale2_NA_ngopt14s_9,313.9363975904,1261.8747559145,False
100,200,f1_Sphere,ConfPortfolio_scale2_NA_ngopt14s_9,475.4294434348,1174.3056191108,False
100,200,f1_Sphere,ConfPortfolio_scale2_NA_ngopt14s_9,520.3613930123,1282.6136876757,False
100,200,f1_Sphere,ConfPortfolio_scale2_NA_ngopt14s_9,492.6410535954,1293.7780234529,False
100,200,f1_Sphere,ConfPortfolio_scale2_NA_ngopt14s_9,578.6819218763,1188.3908339458,False
100,200,f1_Sphere,ConfPortfolio_scale2_NA_ngopt14s_9,454.7068826405,1397.143669838,False
100,200,f1_Sphere,ConfPortfolio_scale2_NA_ngopt14s_9,502.4272109763,1191.4334238163,False
100,200,f1_Sphere,ConfPortfolio_scale2_NA_ngopt14s_9,516.4032179775,1284.9076384589,False
100,200,f1_Sphere,ConfPortfolio_scale2_NA_ngopt14s_9,482.214549,1484.5961436398,False
100,200,f1_Sphere,ConfPortfolio_scale2_NA_ngopt14s_9,440.5136528479,1449.1125128753,False
100,200,f1_Sphere,ConfPortfolio_scale2_NA_ngopt14s_9,552.1323593694,997.4015436076,False
100,200,f1_Sphere,ConfPortfolio_scale2_NA_ngopt14s_9,659.0226844639,1108.3936338339,False
100,200,f1_Sphere,ConfPortfolio_scale2_NA_ngopt14s_9,517.474072944,1307.1680219528,False
100,200,f1_Sphere,ConfPortfolio_scale2_NA_ngopt14s_9,481.0273062977,1066.3369383998,False
100,200,f1_Sphere,ConfPortfolio_scale2_NA_ngopt14s_9,358.6301528504,1083.4719214474,False
100,200,f1_Sphere,ConfPortfolio_scale2_NA_ngopt14s_9,384.2589975096,1198.7054221708,False
100,200,f1_Sphere,ConfPortfolio_scale2_NA_ngopt14s_8,469.9244242493,1320.7727109183,False
100,200,f1_Sphere,ConfPortfolio_scale2_NA_ngopt14s_8,425.6398952302,1312.824539719,False
100,200,f1_Sphere,ConfPortfolio_scale2_NA_ngopt14s_8,660.9908297822,1126.5812916228,False
100,200,f1_Sphere,ConfPortfolio_scale2_NA_ngopt14s_8,424.6185608681,1074.0958604294,False
100,200,f1_Sphere,ConfPortfolio_scale2_NA_ngopt14s_8,386.4542948706,1179.744672125,False
100,200,f1_Sphere,ConfPortfolio_scale2_NA_ngopt14s_8,474.4840900255,1072.1195261948,False
100,200,f1_Sphere,ConfPortfolio_scale2_NA_ngopt14s_8,515.7130645324,914.5240152021,False
100,200,f1_Sphere,ConfPortfolio_scale2_NA_ngopt14s_8,429.8702914675,1129.7498658785,False
100,200,f1_Sphere,ConfPortfolio_scale2_NA_ngopt14s_8,488.6085601138,939.6320790455,False
100,200,f1_Sphere,ConfPortfolio_scale2_NA_ngopt14s_8,416.0235487327,1271.0024550567,False
100,200,f1_Sphere,ConfPortfolio_scale2_NA_ngopt14s_8,462.1482964045,1161.5199598269,False
100,200,f1_Sphere,ConfPortfolio_scale2_NA_ngopt14s_8,551.1349645387,1279.4102975085,False
100,200,f1_Sphere,ConfPortfolio_scale2_NA_ngopt14s_8,492.6410535954,1289.2937261809,False
100,200,f1_Sphere,ConfPortfolio_scale2_NA_ngopt14s_8,452.8300141366,1177.3106761843,False
100,200,f1_Sphere,ConfPortfolio_scale2_NA_ngopt14s_8,511.9710252913,1389.5675379269,False
100,200,f1_Sphere,ConfPortfolio_scale2_NA_ngopt14s_8,502.4272109763,1201.8399315211,False
100,200,f1_Sphere,ConfPortfolio_scale2_NA_ngopt14s_8,516.4032179775,1254.9650274858,False
100,200,f1_Sphere,ConfPortfolio_scale2_NA_ngopt14s_8,482.214549,1471.6410157689,False
100,200,f1_Sphere,ConfPortfolio_scale2_NA_ngopt14s_8,416.7423014213,1440.8499002748,False
100,200,f1_Sphere,ConfPortfolio_scale2_NA_ngopt14s_8,448.2994249085,992.4042464729,False
100,200,f1_Sphere,ConfPortfolio_scale2_NA_ngopt14s_8,629.0431212332,1100.1539369215,False
100,200,f1_Sphere,ConfPortfolio_scale2_NA_ngopt14s_8,517.474072944,1315.5260204915,False
100,200,f1_Sphere,ConfPortfolio_scale2_NA_ngopt14s_8,481.0273062977,1053.0419500227,False
100,200,f1_Sphere,ConfPortfolio_scale2_NA_ngopt14s_8,358.6301528504,1099.4144482465,False
100,200,f1_Sphere,ConfPortfolio_scale2_NA_ngopt14s_8,384.2589975096,1208.5964469098,False
100,200,f1_Sphere,ConfPortfolio_scale2_NA_ngopt14s_7,492.2202293615,1323.6658973202,False
100,200,f1_Sphere,ConfPortfolio_scale2_NA_ngopt14s_7,512.5911748406,1300.2928602969,False
100,200,f1_Sphere,ConfPortfolio_scale2_NA_ngopt14s_7,561.8756714957,1132.0679293716,False
100,200,f1_Sphere,ConfPortfolio_scale2_NA_ngopt14s_7,428.2358110396,1074.8402464254,False
100,200,f1_Sphere,ConfPortfolio_scale2_NA_ngopt14s_7,412.9600882079,1177.5341534572,False
100,200,f1_Sphere,ConfPortfolio_scale2_NA_ngopt14s_7,474.4840900255,1078.3832074124,False
100,200,f1_Sphere,ConfPortfolio_scale2_NA_ngopt14s_7,515.7130645324,924.7508993277,False
100,200,f1_Sphere,ConfPortfolio_scale2_NA_ngopt14s_7,551.4807774582,1141.9202263792,False
100,200,f1_Sphere,ConfPortfolio_scale2_NA_ngopt14s_7,488.6085601138,947.5596710487,False
100,200,f1_Sphere,ConfPortfolio_scale2_NA_ngopt14s_7,314.776627744,1260.4418980114,False
100,200,f1_Sphere,ConfPortfolio_scale2_NA_ngopt14s_7,465.7441938114,1173.043915958,False
100,200,f1_Sphere,ConfPortfolio_scale2_NA_ngopt14s_7,521.6526066519,1289.086619539,False
100,200,f1_Sphere,ConfPortfolio_scale2_NA_ngopt14s_7,363.1528837663,1274.3935688332,False
100,200,f1_Sphere,ConfPortfolio_scale2_NA_ngopt14s_7,477.6564606915,1176.9722136179,False
100,200,f1_Sphere,ConfPortfolio_scale2_NA_ngopt14s_7,380.549998278,1404.2365371224,False
100,200,f1_Sphere,ConfPortfolio_scale2_NA_ngopt14s_7,496.9820057594,1193.5862245842,False
100,200,f1_Sphere,ConfPortfolio_scale2_NA_ngopt14s_7,556.3708061945,1276.3683226583,False
100,200,f1_Sphere,ConfPortfolio_scale2_NA_ngopt14s_7,479.5098778346,1475.2874679312,False
100,200,f1_Sphere,ConfPortfolio_scale2_NA_ngopt14s_7,452.9613966095,1452.3831402715,False
100,200,f1_Sphere,ConfPortfolio_scale2_NA_ngopt14s_7,437.2277522644,993.9516345907,False
100,200,f1_Sphere,ConfPortfolio_scale2_NA_ngopt14s_7,629.0431212332,1097.5132811454,False
100,200,f1_Sphere,ConfPortfolio_scale2_NA_ngopt14s_7,517.474072944,1298.0759840374,False
100,200,f1_Sphere,ConfPortfolio_scale2_NA_ngopt14s_7,481.0273062977,1052.9046459472,False
100,200,f1_Sphere,ConfPortfolio_scale2_NA_ngopt14s_7,351.7412172059,1092.126517945,False
100,200,f1_Sphere,ConfPortfolio_scale2_NA_ngopt14s_7,361.6330586815,1211.6337476777,False
100,200,f1_Sphere,ConfPortfolio_scale2_NA_ngopt14s_6,387.062891765,1323.5441346063,False
100,200,f1_Sphere,ConfPortfolio_scale2_NA_ngopt14s_6,258.533256718,1314.018333455,False
100,200,f1_Sphere,ConfPortfolio_scale2_NA_ngopt14s_6,615.4045399445,1130.5555270519,False
100,200,f1_Sphere,ConfPortfolio_scale2_NA_ngopt14s_6,408.9868016122,1086.229756352,False
100,200,f1_Sphere,ConfPortfolio_scale2_NA_ngopt14s_6,358.2725522886,1184.6460822315,False
100,200,f1_Sphere,ConfPortfolio_scale2_NA_ngopt14s_6,467.1668472013,1079.9442183831,False
100,200,f1_Sphere,ConfPortfolio_scale2_NA_ngopt14s_6,507.3409211708,914.8775939482,False
100,200,f1_Sphere,ConfPortfolio_scale2_NA_ngopt14s_6,551.4807774582,1152.2004197917,False
100,200,f1_Sphere,ConfPortfolio_scale2_NA_ngopt14s_6,488.6085601138,950.8335935566,False
100,200,f1_Sphere,ConfPortfolio_scale2_NA_ngopt14s_6,491.3071866013,1265.2724809223,False
100,200,f1_Sphere,ConfPortfolio_scale2_NA_ngopt14s_6,465.7441938114,1185.7598100905,False
100,200,f1_Sphere,ConfPortfolio_scale2_NA_ngopt14s_6,521.6526066519,1297.2549383601,False
100,200,f1_Sphere,ConfPortfolio_scale2_NA_ngopt14s_6,363.1528837663,1295.8837744425,False
100,200,f1_Sphere,ConfPortfolio_scale2_NA_ngopt14s_6,466.8370794315,1187.4124529179,False
100,200,f1_Sphere,ConfPortfolio_scale2_NA_ngopt14s_6,436.0411151638,1411.7473279467,False
100,200,f1_Sphere,ConfPortfolio_scale2_NA_ngopt14s_6,496.9820057594,1195.9382806124,False
100,200,f1_Sphere,ConfPortfolio_scale2_NA_ngopt14s_6,556.3708061945,1275.5698256714,False
100,200,f1_Sphere,ConfPortfolio_scale2_NA_ngopt14s_6,479.5098778346,1490.8700096922,False
100,200,f1_Sphere,ConfPortfolio_scale2_NA_ngopt14s_6,416.7913798726,1462.9400428948,False
100,200,f1_Sphere,ConfPortfolio_scale2_NA_ngopt14s_6,526.2720112404,998.4690821493,False
100,200,f1_Sphere,ConfPortfolio_scale2_NA_ngopt14s_6,629.0431212332,1095.1442263538,False
100,200,f1_Sphere,ConfPortfolio_scale2_NA_ngopt14s_6,517.474072944,1320.0785981803,False
100,200,f1_Sphere,ConfPortfolio_scale2_NA_ngopt14s_6,464.4118031016,1049.2503279479,False
100,200,f1_Sphere,ConfPortfolio_scale2_NA_ngopt14s_6,351.7412172059,1103.1963790569,False
100,200,f1_Sphere,ConfPortfolio_scale2_NA_ngopt14s_6,361.6330586815,1214.5463394169,False
100,200,f1_Sphere,ConfPortfolio_scale2_scale=1.3_ngopt14s_21,940.7753785598,860.3451719435,False
100,200,f1_Sphere,ConfPortfolio_scale2_scale=1.3_ngopt14s_21,1048.274242757,1002.5238356121,False
100,200,f1_Sphere,ConfPortfolio_scale2_scale=1.3_ngopt14s_21,1034.1897410748,891.0443697058,False
100,200,f1_Sphere,ConfPortfolio_scale2_scale=1.3_ngopt14s_21,933.9959830888,933.9959830888,True
100,200,f1_Sphere,ConfPortfolio_scale2_scale=1.3_ngopt14s_21,1040.284805861,891.9414376993,False
100,200,f1_Sphere,ConfPortfolio_scale2_scale=1.3_ngopt14s_21,1041.8459968217,837.9175178087,False
100,200,f1_Sphere,ConfPortfolio_scale2_scale=1.3_ngopt14s_21,885.6467245032,583.8033487487,False
100,200,f1_Sphere,ConfPortfolio_scale2_scale=1.3_ngopt14s_21,1058.5472597043,1033.6882265511,False
100,200,f1_Sphere,ConfPortfolio_scale2_scale=1.3_ngopt14s_21,918.0173866291,678.0364358922,False
100,200,f1_Sphere,ConfPortfolio_scale2_scale=1.3_ngopt14s_21,1132.7583351472,1062.9360473276,False
100,200,f1_Sphere,ConfPortfolio_scale2_scale=1.3_ngopt14s_21,992.5696028895,835.3032120143,False
100,200,f1_Sphere,ConfPortfolio_scale2_scale=1.3_ngopt14s_21,1080.4417246996,761.5831222727,False
100,200,f1_Sphere,ConfPortfolio_scale2_scale=1.3_ngopt14s_21,930.8317215195,771.3905539747,False
100,200,f1_Sphere,ConfPortfolio_scale2_scale=1.3_ngopt14s_21,1050.9668929921,1002.8623865314,False
100,200,f1_Sphere,ConfPortfolio_scale2_scale=1.3_ngopt14s_21,1084.7006014256,986.3631018409,False
100,200,f1_Sphere,ConfPortfolio_scale2_scale=1.3_ngopt14s_21,1028.3417314184,989.1502748545,False
100,200,f1_Sphere,ConfPortfolio_scale2_scale=1.3_ngopt14s_21,1113.3450774303,908.3356601995,False
100,200,f1_Sphere,ConfPortfolio_scale2_scale=1.3_ngopt14s_21,1191.1561104853,1036.4910554043,False
100,200,f1_Sphere,ConfPortfolio_scale2_scale=1.3_ngopt14s_21,1153.7098934724,992.7563433424,False
100,200,f1_Sphere,ConfPortfolio_scale2_scale=1.3_ngopt14s_21,960.2401995793,771.6092131287,False
100,200,f1_Sphere,ConfPortfolio_scale2_scale=1.3_ngopt14s_21,1016.5951383578,849.258979577,False
100,200,f1_Sphere,ConfPortfolio_scale2_scale=1.3_ngopt14s_21,1005.0250312495,972.2965211308,False
100,200,f1_Sphere,ConfPortfolio_scale2_scale=1.3_ngopt14s_21,909.4127893935,694.9143833268,False
100,200,f1_Sphere,ConfPortfolio_scale2_scale=1.3_ngopt14s_21,1015.6178733433,1015.6178733433,True
100,200,f1_Sphere,ConfPortfolio_scale2_scale=1.3_ngopt14s_21,1055.3858820868,1002.5172063689,False
100,200,f1_Sphere,ConfPortfolio_scale2_scale=1.3_ngopt14s_20,940.7753785598,901.8371356652,False
100,200,f1_Sphere,ConfPortfolio_scale2_scale=1.3_ngopt14s_20,1048.274242757,1043.2476599897,False
100,200,f1_Sphere,ConfPortfolio_scale2_scale=1.3_ngopt14s_20,1034.1897410748,863.3346932476,False
100,200,f1_Sphere,ConfPortfolio_scale2_scale=1.3_ngopt14s_20,933.9959830888,823.1549640189,False
100,200,f1_Sphere,ConfPortfolio_scale2_scale=1.3_ngopt14s_20,1040.284805861,761.4183803237,False
100,200,f1_Sphere,ConfPortfolio_scale2_scale=1.3_ngopt14s_20,934.0916784362,925.6307586,False
100,200,f1_Sphere,ConfPortfolio_scale2_scale=1.3_ngopt14s_20,885.6467245032,738.274584176,False
100,200,f1_Sphere,ConfPortfolio_scale2_scale=1.3_ngopt14s_20,1046.7302728645,863.4450245373,False
100,200,f1_Sphere,ConfPortfolio_scale2_scale=1.3_ngopt14s_20,918.0173866291,742.5174310883,False
100,200,f1_Sphere,ConfPortfolio_scale2_scale=1.3_ngopt14s_20,1132.7583351472,943.3876363902,False
100,200,f1_Sphere,ConfPortfolio_scale2_scale=1.3_ngopt14s_20,992.5696028895,785.9285397253,False
100,200,f1_Sphere,ConfPortfolio_scale2_scale=1.3_ngopt14s_20,1030.3768908022,843.3375977525,False
100,200,f1_Sphere,ConfPortfolio_scale2_scale=1.3_ngopt14s_20,930.8317215195,758.8481093422,False
100,200,f1_Sphere,ConfPortfolio_scale2_scale=1.3_ngopt14s_20,1050.9668929921,990.9413584645,False
100,200,f1_Sphere,ConfPortfolio_scale2_scale=1.3_ngopt14s_20,1084.7006014256,1007.1656726496,False
100,200,f1_Sphere,ConfPortfolio_scale2_scale=1.3_ngopt14s_20,1028.3417314184,991.1588567495,False
100,200,f1_Sphere,ConfPortfolio_scale2_scale=1.3_ngopt14s_20,1113.3450774303,901.2825540997,False
100,200,f1_Sphere,ConfPortfolio_scale2_scale=1.3_ngopt14s_20,1096.8460988065,927.0461154921,False
100,200,f1_Sphere,ConfPortfolio_scale2_scale=1.3_ngopt14s_20,1153.7098934724,1014.0020386092,False
100,200,f1_Sphere,ConfPortfolio_scale2_scale=1.3_ngopt14s_20,960.2401995793,804.0060299485,False
100,200,f1_Sphere,ConfPortfolio_scale2_scale=1.3_ngopt14s_20,1016.5951383578,847.8011948129,False
100,200,f1_Sphere,ConfPortfolio_scale2_scale=1.3_ngopt14s_20,1005.0250312495,916.6053620079,False
100,200,f1_Sphere,ConfPortfolio_scale2_scale=1.3_ngopt14s_20,909.4127893935,781.8497764681,False
100,200,f1_Sphere,ConfPortfolio_scale2_scale=1.3_ngopt14s_20,1000.5227116752,1015.6178733433,False
100,200,f1_Sphere,ConfPortfolio_scale2_scale=1.3_ngopt14s_20,1055.3858820868,1004.8118047641,False
100,200,f1_Sphere,ConfPortfolio_scale2_scale=1.3_ngopt14s_19,940.7753785598,875.7888281766,False
100,200,f1_Sphere,ConfPortfolio_scale2_scale=1.3_ngopt14s_19,1048.274242757,1048.274242757,True
100,200,f1_Sphere,ConfPortfolio_scale2_scale=1.3_ngopt14s_19,1034.1897410748,938.1525479501,False
100,200,f1_Sphere,ConfPortfolio_scale2_scale=1.3_ngopt14s_19,933.9959830888,933.9959830888,True
100,200,f1_Sphere,ConfPortfolio_scale2_scale=1.3_ngopt14s_19,1040.284805861,783.7257155826,False
100,200,f1_Sphere,ConfPortfolio_scale2_scale=1.3_ngopt14s_19,934.0916784362,859.3153043649,False
100,200,f1_Sphere,ConfPortfolio_scale2_scale=1.3_ngopt14s_19,885.6467245032,724.557196753,False
100,200,f1_Sphere,ConfPortfolio_scale2_scale=1.3_ngopt14s_19,1046.7302728645,950.3229417871,False
100,200,f1_Sphere,ConfPortfolio_scale2_scale=1.3_ngopt14s_19,918.0173866291,694.218262331,False
100,200,f1_Sphere,ConfPortfolio_scale2_scale=1.3_ngopt14s_19,1132.7583351472,1062.9360473276,False
100,200,f1_Sphere,ConfPortfolio_scale2_scale=1.3_ngopt14s_19,992.5696028895,878.91900873,False
100,200,f1_Sphere,ConfPortfolio_scale2_scale=1.3_ngopt14s_19,1030.3768908022,819.8982628592,False
100,200,f1_Sphere,ConfPortfolio_scale2_scale=1.3_ngopt14s_19,930.8317215195,855.0704686223,False
100,200,f1_Sphere,ConfPortfolio_scale2_scale=1.3_ngopt14s_19,1050.9668929921,964.8769996015,False
100,200,f1_Sphere,ConfPortfolio_scale2_scale=1.3_ngopt14s_19,1084.7006014256,883.0510276126,False
100,200,f1_Sphere,ConfPortfolio_scale2_scale=1.3_ngopt14s_19,1028.3417314184,1028.3417314184,True
100,200,f1_Sphere,ConfPortfolio_scale2_scale=1.3_ngopt14s_19,1113.3450774303,639.6473399845,False
100,200,f1_Sphere,ConfPortfolio_scale2_scale=1.3_ngopt14s_19,1096.8460988065,1050.0172608948,False
100,200,f1_Sphere,ConfPortfolio_scale2_scale=1.3_ngopt14s_19,1153.7098934724,918.7407927085,False
100,200,f1_Sphere,ConfPortfolio_scale2_scale=1.3_ngopt14s_19,960.2401995793,867.2625795003,False
100,200,f1_Sphere,ConfPortfolio_scale2_scale=1.3_ngopt14s_19,1016.5951383578,765.7582123944,False
100,200,f1_Sphere,ConfPortfolio_scale2_scale=1.3_ngopt14s_19,1005.0250312495,863.2670553542,False
100,200,f1_Sphere,ConfPortfolio_scale2_scale=1.3_ngopt14s_19,909.4127893935,783.3474271109,False
100,200,f1_Sphere,ConfPortfolio_scale2_scale=1.3_ngopt14s_19,1000.5227116752,1015.6178733433,False
100,200,f1_Sphere,ConfPortfolio_scale2_scale=1.3_ngopt14s_19,1055.3858820868,959.2699529327,False
100,200,f1_Sphere,ConfPortfolio_scale2_scale=1.3_ngopt14s_18,940.7753785598,903.2328434011,False
100,200,f1_Sphere,ConfPortfolio_scale2_scale=1.3_ngopt14s_18,1048.274242757,944.4583929091,False
100,200,f1_Sphere,ConfPortfolio_scale2_scale=1.3_ngopt14s_18,1034.1897410748,833.7309204738,False
100,200,f1_Sphere,ConfPortfolio_scale2_scale=1.3_ngopt14s_18,933.9959830888,823.1980366767,False
100,200,f1_Sphere,ConfPortfolio_scale2_scale=1.3_ngopt14s_18,1040.284805861,787.0668229561,False
100,200,f1_Sphere,ConfPortfolio_scale2_scale=1.3_ngopt14s_18,934.0916784362,883.0461817949,False
100,200,f1_Sphere,ConfPortfolio_scale2_scale=1.3_ngopt14s_18,885.6467245032,706.3173728075,False
100,200,f1_Sphere,ConfPortfolio_scale2_scale=1.3_ngopt14s_18,1046.7302728645,947.7463465864,False
100,200,f1_Sphere,ConfPortfolio_scale2_scale=1.3_ngopt14s_18,918.0173866291,745.7879655745,False
100,200,f1_Sphere,ConfPortfolio_scale2_scale=1.3_ngopt14s_18,1132.7583351472,1062.9360473276,False
100,200,f1_Sphere,ConfPortfolio_scale2_scale=1.3_ngopt14s_18,992.5696028895,877.6657993899,False
100,200,f1_Sphere,ConfPortfolio_scale2_scale=1.3_ngopt14s_18,1030.3768908022,779.961421882,False
100,200,f1_Sphere,ConfPortfolio_scale2_scale=1.3_ngopt14s_18,930.8317215195,781.9495695799,False
100,200,f1_Sphere,ConfPortfolio_scale2_scale=1.3_ngopt14s_18,1050.9668929921,824.4099871206,False
100,200,f1_Sphere,ConfPortfolio_scale2_scale=1.3_ngopt14s_18,1084.7006014256,1084.7006014256,True
100,200,f1_Sphere,ConfPortfolio_scale2_scale=1.3_ngopt14s_18,1028.3417314184,926.1693807557,False
100,200,f1_Sphere,ConfPortfolio_scale2_scale=1.3_ngopt14s_18,1113.3450774303,892.0743629622,False
100,200,f1_Sphere,ConfPortfolio_scale2_scale=1.3_ngopt14s_18,1096.8460988065,970.5777977908,False
100,200,f1_Sphere,ConfPortfolio_scale2_scale=1.3_ngopt14s_18,1037.9752886401,1013.2485725879,False
100,200,f1_Sphere,ConfPortfolio_scale2_scale=1.3_ngopt14s_18,960.2401995793,802.9834061139,False
100,200,f1_Sphere,ConfPortfolio_scale2_scale=1.3_ngopt14s_18,1016.5951383578,785.5468021584,False
100,200,f1_Sphere,ConfPortfolio_scale2_scale=1.3_ngopt14s_18,1005.0250312495,1005.0250312495,True
100,200,f1_Sphere,ConfPortfolio_scale2_scale=1.3_ngopt14s_18,909.4127893935,703.9979349484,False
100,200,f1_Sphere,ConfPortfolio_scale2_scale=1.3_ngopt14s_18,1000.5227116752,970.1305830952,False
100,200,f1_Sphere,ConfPortfolio_scale2_scale=1.3_ngopt14s_18,1055.3858820868,920.2097589592,False
100,200,f1_Sphere,ConfPortfolio_scale2_scale=1.3_ngopt14s_17,940.7753785598,893.0189396265,False
100,200,f1_Sphere,ConfPortfolio_scale2_scale=1.3_ngopt14s_17,1048.274242757,925.1507016979,False
100,200,f1_Sphere,ConfPortfolio_scale2_scale=1.3_ngopt14s_17,1034.1897410748,855.7875085468,False
100,200,f1_Sphere,ConfPortfolio_scale2_scale=1.3_ngopt14s_17,933.9959830888,933.9959830888,True
100,200,f1_Sphere,ConfPortfolio_scale2_scale=1.3_ngopt14s_17,1040.284805861,842.9727393886,False
100,200,f1_Sphere,ConfPortfolio_scale2_scale=1.3_ngopt14s_17,934.0916784362,915.4294019814,False
100,200,f1_Sphere,ConfPortfolio_scale2_scale=1.3_ngopt14s_17,885.6467245032,769.7625763587,False
100,200,f1_Sphere,ConfPortfolio_scale2_scale=1.3_ngopt14s_17,1046.7302728645,839.163841585,False
100,200,f1_Sphere,ConfPortfolio_scale2_scale=1.3_ngopt14s_17,918.0173866291,695.2686415984,False
100,200,f1_Sphere,ConfPortfolio_scale2_scale=1.3_ngopt14s_17,1132.7583351472,1009.7424051011,False
100,200,f1_Sphere,ConfPortfolio_scale2_scale=1.3_ngopt14s_17,992.5696028895,940.8414599015,False
100,200,f1_Sphere,ConfPortfolio_scale2_scale=1.3_ngopt14s_17,1030.3768908022,820.768140548,False
100,200,f1_Sphere,ConfPortfolio_scale2_scale=1.3_ngopt14s_17,930.8317215195,807.5600912796,False
100,200,f1_Sphere,ConfPortfolio_scale2_scale=1.3_ngopt14s_17,1050.9668929921,817.150354621,False
100,200,f1_Sphere,ConfPortfolio_scale2_scale=1.3_ngopt14s_17,1084.7006014256,1064.1743898156,False
100,200,f1_Sphere,ConfPortfolio_scale2_scale=1.3_ngopt14s_17,1028.3417314184,917.2763109542,False
100,200,f1_Sphere,ConfPortfolio_scale2_scale=1.3_ngopt14s_17,1113.3450774303,826.8432163198,False
100,200,f1_Sphere,ConfPortfolio_scale2_scale=1.3_ngopt14s_17,1096.8460988065,989.7464730385,False
100,200,f1_Sphere,ConfPortfolio_scale2_scale=1.3_ngopt14s_17,1037.9752886401,951.8108908145,False
100,200,f1_Sphere,ConfPortfolio_scale2_scale=1.3_ngopt14s_17,960.2401995793,769.7956733882,False
100,200,f1_Sphere,ConfPortfolio_scale2_scale=1.3_ngopt14s_17,1016.5951383578,780.8069412941,False
100,200,f1_Sphere,ConfPortfolio_scale2_scale=1.3_ngopt14s_17,1005.0250312495,936.6384716432,False
100,200,f1_Sphere,ConfPortfolio_scale2_scale=1.3_ngopt14s_17,909.4127893935,711.1096710978,False
100,200,f1_Sphere,ConfPortfolio_scale2_scale=1.3_ngopt14s_17,1000.5227116752,1015.6178733433,False
100,200,f1_Sphere,ConfPortfolio_scale2_scale=1.3_ngopt14s_17,1055.3858820868,995.4911938236,False
100,200,f1_Sphere,ConfPortfolio_scale2_scale=1.3_ngopt14s_16,671.1066174503,954.8284759837,False
100,200,f1_Sphere,ConfPortfolio_scale2_scale=1.3_ngopt14s_16,693.8376214695,1011.1871217913,False
100,200,f1_Sphere,ConfPortfolio_scale2_scale=1.3_ngopt14s_16,686.87885257,773.1461967979,False
100,200,f1_Sphere,ConfPortfolio_scale2_scale=1.3_ngopt14s_16,557.8378293004,933.9959830888,False
100,200,f1_Sphere,ConfPortfolio_scale2_scale=1.3_ngopt14s_16,529.9017600187,884.269505179,False
100,200,f1_Sphere,ConfPortfolio_scale2_scale=1.3_ngopt14s_16,572.645629373,874.8328290106,False
100,200,f1_Sphere,ConfPortfolio_scale2_scale=1.3_ngopt14s_16,610.8672206932,725.1852768441,False
100,200,f1_Sphere,ConfPortfolio_scale2_scale=1.3_ngopt14s_16,680.1905360962,945.0639517965,False
100,200,f1_Sphere,ConfPortfolio_scale2_scale=1.3_ngopt14s_16,624.6819327916,760.5059473382,False
100,200,f1_Sphere,ConfPortfolio_scale2_scale=1.3_ngopt14s_16,485.4818324024,1045.8860166763,False
100,200,f1_Sphere,ConfPortfolio_scale2_scale=1.3_ngopt14s_16,799.5213030973,757.0351750548,False
100,200,f1_Sphere,ConfPortfolio_scale2_scale=1.3_ngopt14s_16,706.2409566179,868.6006033642,False
100,200,f1_Sphere,ConfPortfolio_scale2_scale=1.3_ngopt14s_16,547.1396227346,884.998114166,False
100,200,f1_Sphere,ConfPortfolio_scale2_scale=1.3_ngopt14s_16,690.4661958308,780.9873704374,False
100,200,f1_Sphere,ConfPortfolio_scale2_scale=1.3_ngopt14s_16,652.0486327259,1075.9268190579,False
100,200,f1_Sphere,ConfPortfolio_scale2_scale=1.3_ngopt14s_16,567.8028307811,931.709410543,False
100,200,f1_Sphere,ConfPortfolio_scale2_scale=1.3_ngopt14s_16,675.6307728716,891.5968223571,False
100,200,f1_Sphere,ConfPortfolio_scale2_scale=1.3_ngopt14s_16,778.6403597125,946.9294676603,False
100,200,f1_Sphere,ConfPortfolio_scale2_scale=1.3_ngopt14s_16,659.0020143539,970.5853779644,False
100,200,f1_Sphere,ConfPortfolio_scale2_scale=1.3_ngopt14s_16,739.4260240599,743.5975452166,False
100,200,f1_Sphere,ConfPortfolio_scale2_scale=1.3_ngopt14s_16,711.5846300317,737.2247000049,False
100,200,f1_Sphere,ConfPortfolio_scale2_scale=1.3_ngopt14s_16,591.0227633561,980.3159322557,False
100,200,f1_Sphere,ConfPortfolio_scale2_scale=1.3_ngopt14s_16,640.8478585078,629.5643323304,False
100,200,f1_Sphere,ConfPortfolio_scale2_scale=1.3_ngopt14s_16,577.7074942606,1000.9809622092,False
100,200,f1_Sphere,ConfPortfolio_scale2_scale=1.3_ngopt14s_16,640.1428634713,935.1424969648,False
100,200,f1_Sphere,ConfPortfolio_scale2_scale=1.3_ngopt14s_15,649.8484156597,931.0680000188,False
100,200,f1_Sphere,ConfPortfolio_scale2_scale=1.3_ngopt14s_15,715.5366095541,1048.274242757,False
100,200,f1_Sphere,ConfPortfolio_scale2_scale=1.3_ngopt14s_15,704.9705214218,872.655834954,False
100,200,f1_Sphere,ConfPortfolio_scale2_scale=1.3_ngopt14s_15,576.2104169023,903.8955075714,False
100,200,f1_Sphere,ConfPortfolio_scale2_scale=1.3_ngopt14s_15,536.4491942667,812.9265459624,False
100,200,f1_Sphere,ConfPortfolio_scale2_scale=1.3_ngopt14s_15,693.2513909458,907.5539739451,False
100,200,f1_Sphere,ConfPortfolio_scale2_scale=1.3_ngopt14s_15,683.3478053375,682.5849537033,False
100,200,f1_Sphere,ConfPortfolio_scale2_scale=1.3_ngopt14s_15,725.6506129944,952.0586502684,False
100,200,f1_Sphere,ConfPortfolio_scale2_scale=1.3_ngopt14s_15,601.8259494526,682.5554718666,False
100,200,f1_Sphere,ConfPortfolio_scale2_scale=1.3_ngopt14s_15,723.5048793556,967.6399302988,False
100,200,f1_Sphere,ConfPortfolio_scale2_scale=1.3_ngopt14s_15,517.7951916652,760.8963416595,False
100,200,f1_Sphere,ConfPortfolio_scale2_scale=1.3_ngopt14s_15,651.9302580765,879.3527408924,False
100,200,f1_Sphere,ConfPortfolio_scale2_scale=1.3_ngopt14s_15,711.5662707059,789.7513136429,False
100,200,f1_Sphere,ConfPortfolio_scale2_scale=1.3_ngopt14s_15,552.1660817989,823.4868065671,False
100,200,f1_Sphere,ConfPortfolio_scale2_scale=1.3_ngopt14s_15,631.3239476863,951.8042389716,False
100,200,f1_Sphere,ConfPortfolio_scale2_scale=1.3_ngopt14s_15,513.3753961142,1028.3417314184,False
100,200,f1_Sphere,ConfPortfolio_scale2_scale=1.3_ngopt14s_15,555.6017847407,800.5410892,False
100,200,f1_Sphere,ConfPortfolio_scale2_scale=1.3_ngopt14s_15,685.7241819268,1007.739017737,False
100,200,f1_Sphere,ConfPortfolio_scale2_scale=1.3_ngopt14s_15,669.0156710768,967.0827359537,False
100,200,f1_Sphere,ConfPortfolio_scale2_scale=1.3_ngopt14s_15,845.4604499685,709.9650710624,False
100,200,f1_Sphere,ConfPortfolio_scale2_scale=1.3_ngopt14s_15,607.8119789283,782.7430646561,False
100,200,f1_Sphere,ConfPortfolio_scale2_scale=1.3_ngopt14s_15,628.2332453291,923.3362169178,False
100,200,f1_Sphere,ConfPortfolio_scale2_scale=1.3_ngopt14s_15,606.4378959347,747.9431589009,False
100,200,f1_Sphere,ConfPortfolio_scale2_scale=1.3_ngopt14s_15,574.1267919856,832.8612258624,False
100,200,f1_Sphere,ConfPortfolio_scale2_scale=1.3_ngopt14s_15,674.0072373918,863.5686585501,False
100,200,f1_Sphere,ConfPortfolio_scale2_scale=1.3_ngopt14s_14,702.1754699425,846.7080514066,False
100,200,f1_Sphere,ConfPortfolio_scale2_scale=1.3_ngopt14s_14,716.9412109572,821.9213888426,False
100,200,f1_Sphere,ConfPortfolio_scale2_scale=1.3_ngopt14s_14,628.151975995,772.1157889595,False
100,200,f1_Sphere,ConfPortfolio_scale2_scale=1.3_ngopt14s_14,530.2385324868,909.338739484,False
100,200,f1_Sphere,ConfPortfolio_scale2_scale=1.3_ngopt14s_14,572.5691211942,740.0325509087,False
100,200,f1_Sphere,ConfPortfolio_scale2_scale=1.3_ngopt14s_14,595.733960285,900.0371286166,False
100,200,f1_Sphere,ConfPortfolio_scale2_scale=1.3_ngopt14s_14,730.3704569742,687.9901420945,False
100,200,f1_Sphere,ConfPortfolio_scale2_scale=1.3_ngopt14s_14,588.8267150514,819.0842053917,False
100,200,f1_Sphere,ConfPortfolio_scale2_scale=1.3_ngopt14s_14,828.9079373431,771.1462412932,False
100,200,f1_Sphere,ConfPortfolio_scale2_scale=1.3_ngopt14s_14,709.1630127972,818.581586056,False
100,200,f1_Sphere,ConfPortfolio_scale2_scale=1.3_ngopt14s_14,668.6256037956,886.3157653787,False
100,200,f1_Sphere,ConfPortfolio_scale2_scale=1.3_ngopt14s_14,630.6539565557,818.2973004057,False
100,200,f1_Sphere,ConfPortfolio_scale2_scale=1.3_ngopt14s_14,659.1691141618,824.5405804613,False
100,200,f1_Sphere,ConfPortfolio_scale2_scale=1.3_ngopt14s_14,491.3851163975,769.5453468327,False
100,200,f1_Sphere,ConfPortfolio_scale2_scale=1.3_ngopt14s_14,545.5038063871,964.0625442491,False
100,200,f1_Sphere,ConfPortfolio_scale2_scale=1.3_ngopt14s_14,488.2041551007,886.9460897571,False
100,200,f1_Sphere,ConfPortfolio_scale2_scale=1.3_ngopt14s_14,595.6537107517,875.1688651687,False
100,200,f1_Sphere,ConfPortfolio_scale2_scale=1.3_ngopt14s_14,684.3995393039,966.9741678158,False
100,200,f1_Sphere,ConfPortfolio_scale2_scale=1.3_ngopt14s_14,642.1292956226,962.8849944066,False
100,200,f1_Sphere,ConfPortfolio_scale2_scale=1.3_ngopt14s_14,825.8966628456,833.1169622404,False
100,200,f1_Sphere,ConfPortfolio_scale2_scale=1.3_ngopt14s_14,712.9424856616,727.8779711958,False
100,200,f1_Sphere,ConfPortfolio_scale2_scale=1.3_ngopt14s_14,558.0080037756,883.8143297189,False
100,200,f1_Sphere,ConfPortfolio_scale2_scale=1.3_ngopt14s_14,675.018656083,705.9550606773,False
100,200,f1_Sphere,ConfPortfolio_scale2_scale=1.3_ngopt14s_14,516.9829026612,817.5671916188,False
100,200,f1_Sphere,ConfPortfolio_scale2_scale=1.3_ngopt14s_14,703.4402168626,939.1643754502,False
100,200,f1_Sphere,ConfPortfolio_scale2_scale=1.3_ngopt14s_13,633.6085359221,967.5188418608,False
100,200,f1_Sphere,ConfPortfolio_scale2_scale=1.3_ngopt14s_13,702.7723741693,971.2295487666,False
100,200,f1_Sphere,ConfPortfolio_scale2_scale=1.3_ngopt14s_13,609.0352439889,875.0128550872,False
100,200,f1_Sphere,ConfPortfolio_scale2_scale=1.3_ngopt14s_13,608.9837654415,771.4640827138,False
100,200,f1_Sphere,ConfPortfolio_scale2_scale=1.3_ngopt14s_13,573.2972883495,810.7680016992,False
100,200,f1_Sphere,ConfPortfolio_scale2_scale=1.3_ngopt14s_13,817.0644009377,951.2223124941,False
100,200,f1_Sphere,ConfPortfolio_scale2_scale=1.3_ngopt14s_13,651.6953533766,716.7231102661,False
100,200,f1_Sphere,ConfPortfolio_scale2_scale=1.3_ngopt14s_13,517.0759236125,894.2601563978,False
100,200,f1_Sphere,ConfPortfolio_scale2_scale=1.3_ngopt14s_13,620.6415396766,719.9837455996,False
100,200,f1_Sphere,ConfPortfolio_scale2_scale=1.3_ngopt14s_13,534.5712637834,944.0873191345,False
100,200,f1_Sphere,ConfPortfolio_scale2_scale=1.3_ngopt14s_13,531.8028926224,884.1255129113,False
100,200,f1_Sphere,ConfPortfolio_scale2_scale=1.3_ngopt14s_13,706.1210142794,758.0316535416,False
100,200,f1_Sphere,ConfPortfolio_scale2_scale=1.3_ngopt14s_13,608.2903279757,884.6916142601,False
100,200,f1_Sphere,ConfPortfolio_scale2_scale=1.3_ngopt14s_13,524.8025002604,828.7714821615,False
100,200,f1_Sphere,ConfPortfolio_scale2_scale=1.3_ngopt14s_13,486.0662923605,929.4049760498,False
100,200,f1_Sphere,ConfPortfolio_scale2_scale=1.3_ngopt14s_13,523.9820472628,885.5973258101,False
100,200,f1_Sphere,ConfPortfolio_scale2_scale=1.3_ngopt14s_13,591.2166408585,825.9993502947,False
100,200,f1_Sphere,ConfPortfolio_scale2_scale=1.3_ngopt14s_13,565.1785042081,1073.2377256246,False
100,200,f1_Sphere,ConfPortfolio_scale2_scale=1.3_ngopt14s_13,519.99516141,993.6114275952,False
100,200,f1_Sphere,ConfPortfolio_scale2_scale=1.3_ngopt14s_13,668.4184134716,821.2217400633,False
100,200,f1_Sphere,ConfPortfolio_scale2_scale=1.3_ngopt14s_13,578.5213828579,805.7469091344,False
100,200,f1_Sphere,ConfPortfolio_scale2_scale=1.3_ngopt14s_13,515.8252237219,854.2075371971,False
100,200,f1_Sphere,ConfPortfolio_scale2_scale=1.3_ngopt14s_13,573.0817693972,723.402202848,False
100,200,f1_Sphere,ConfPortfolio_scale2_scale=1.3_ngopt14s_13,534.3393342649,753.1310662274,False
100,200,f1_Sphere,ConfPortfolio_scale2_scale=1.3_ngopt14s_13,563.6537549647,1012.3656002991,False
100,200,f1_Sphere,ConfPortfolio_scale2_scale=1.3_ngopt14s_12,585.1533734683,967.4095752082,False
100,200,f1_Sphere,ConfPortfolio_scale2_scale=1.3_ngopt14s_12,528.3584219835,1081.0305012647,False
100,200,f1_Sphere,ConfPortfolio_scale2_scale=1.3_ngopt14s_12,546.1102422079,856.9716419993,False
100,200,f1_Sphere,ConfPortfolio_scale2_scale=1.3_ngopt14s_12,481.2179781761,783.7374844535,False
100,200,f1_Sphere,ConfPortfolio_scale2_scale=1.3_ngopt14s_12,588.1362587159,772.5464372765,False
100,200,f1_Sphere,ConfPortfolio_scale2_scale=1.3_ngopt14s_12,644.2839437548,895.6972181919,False
100,200,f1_Sphere,ConfPortfolio_scale2_scale=1.3_ngopt14s_12,674.2377279718,667.6869450736,False
100,200,f1_Sphere,ConfPortfolio_scale2_scale=1.3_ngopt14s_12,543.5608193041,807.6648172676,False
100,200,f1_Sphere,ConfPortfolio_scale2_scale=1.3_ngopt14s_12,583.1798836858,648.5251446127,False
100,200,f1_Sphere,ConfPortfolio_scale2_scale=1.3_ngopt14s_12,570.0360560489,939.0055478209,False
100,200,f1_Sphere,ConfPortfolio_scale2_scale=1.3_ngopt14s_12,511.7509307613,746.3540462139,False
100,200,f1_Sphere,ConfPortfolio_scale2_scale=1.3_ngopt14s_12,672.9419430511,904.7908133558,False
100,200,f1_Sphere,ConfPortfolio_scale2_scale=1.3_ngopt14s_12,664.9799768336,857.5660026582,False
100,200,f1_Sphere,ConfPortfolio_scale2_scale=1.3_ngopt14s_12,532.7243624778,886.6592609545,False
100,200,f1_Sphere,ConfPortfolio_scale2_scale=1.3_ngopt14s_12,515.0989182405,940.354068023,False
100,200,f1_Sphere,ConfPortfolio_scale2_scale=1.3_ngopt14s_12,599.7211758496,916.2041506333,False
100,200,f1_Sphere,ConfPortfolio_scale2_scale=1.3_ngopt14s_12,738.4880877588,836.4858567174,False
100,200,f1_Sphere,ConfPortfolio_scale2_scale=1.3_ngopt14s_12,716.7123796591,950.3209787214,False
100,200,f1_Sphere,ConfPortfolio_scale2_scale=1.3_ngopt14s_12,557.2484143693,1006.3017881262,False
100,200,f1_Sphere,ConfPortfolio_scale2_scale=1.3_ngopt14s_12,666.1536313444,751.8493992245,False
100,200,f1_Sphere,ConfPortfolio_scale2_scale=1.3_ngopt14s_12,581.7955090498,718.0994632928,False
100,200,f1_Sphere,ConfPortfolio_scale2_scale=1.3_ngopt14s_12,558.4787819944,933.1719650449,False
100,200,f1_Sphere,ConfPortfolio_scale2_scale=1.3_ngopt14s_12,566.4230157624,826.5854933132,False
100,200,f1_Sphere,ConfPortfolio_scale2_scale=1.3_ngopt14s_12,478.2677961916,839.4864428873,False
100,200,f1_Sphere,ConfPortfolio_scale2_scale=1.3_ngopt14s_12,769.6251094997,906.0238837369,False
100,200,f1_Sphere,ConfPortfolio_scale2_scale=1.3_ngopt14s_11,553.4239318682,995.9136100926,False
100,200,f1_Sphere,ConfPortfolio_scale2_scale=1.3_ngopt14s_11,597.0017638916,1112.6211254447,False
100,200,f1_Sphere,ConfPortfolio_scale2_scale=1.3_ngopt14s_11,532.5263416455,811.1136016133,False
100,200,f1_Sphere,ConfPortfolio_scale2_scale=1.3_ngopt14s_11,556.2959535471,769.4730746347,False
100,200,f1_Sphere,ConfPortfolio_scale2_scale=1.3_ngopt14s_11,473.2798334974,750.0064125551,False
100,200,f1_Sphere,ConfPortfolio_scale2_scale=1.3_ngopt14s_11,664.3504850107,850.913471126,False
100,200,f1_Sphere,ConfPortfolio_scale2_scale=1.3_ngopt14s_11,560.958560055,736.1177878999,False
100,200,f1_Sphere,ConfPortfolio_scale2_scale=1.3_ngopt14s_11,667.7189369053,913.8402435376,False
100,200,f1_Sphere,ConfPortfolio_scale2_scale=1.3_ngopt14s_11,668.3685090958,713.9276774081,False
100,200,f1_Sphere,ConfPortfolio_scale2_scale=1.3_ngopt14s_11,496.4472891764,929.7742594591,False
100,200,f1_Sphere,ConfPortfolio_scale2_scale=1.3_ngopt14s_11,562.4840893385,724.5121852454,False
100,200,f1_Sphere,ConfPortfolio_scale2_scale=1.3_ngopt14s_11,693.8060921858,768.2532031881,False
100,200,f1_Sphere,ConfPortfolio_scale2_scale=1.3_ngopt14s_11,556.4497754839,934.7943680459,False
100,200,f1_Sphere,ConfPortfolio_scale2_scale=1.3_ngopt14s_11,521.8737153587,997.6018617126,False
100,200,f1_Sphere,ConfPortfolio_scale2_scale=1.3_ngopt14s_11,620.8342875612,955.4369832522,False
100,200,f1_Sphere,ConfPortfolio_scale2_scale=1.3_ngopt14s_11,577.5104613306,995.208441126,False
100,200,f1_Sphere,ConfPortfolio_scale2_scale=1.3_ngopt14s_11,715.9424713602,898.2323801064,False
100,200,f1_Sphere,ConfPortfolio_scale2_scale=1.3_ngopt14s_11,554.5333109519,1072.2043106105,False
100,200,f1_Sphere,ConfPortfolio_scale2_scale=1.3_ngopt14s_11,704.9826294906,1012.4788762781,False
100,200,f1_Sphere,ConfPortfolio_scale2_scale=1.3_ngopt14s_11,531.034610333,763.0598120658,False
100,200,f1_Sphere,ConfPortfolio_scale2_scale=1.3_ngopt14s_11,499.9115527749,848.1196581307,False
100,200,f1_Sphere,ConfPortfolio_scale2_scale=1.3_ngopt14s_11,465.6867354616,998.7041982562,False
100,200,f1_Sphere,ConfPortfolio_scale2_scale=1.3_ngopt14s_11,612.7370777864,692.3501921319,False
100,200,f1_Sphere,ConfPortfolio_scale2_scale=1.3_ngopt14s_11,504.1547857611,906.4750996787,False
100,200,f1_Sphere,ConfPortfolio_scale2_scale=1.3_ngopt14s_11,559.3448110975,1037.4902156713,False
100,200,f1_Sphere,ConfPortfolio_scale2_scale=1.3_ngopt14s_10,504.3770233109,944.8298752021,False
100,200,f1_Sphere,ConfPortfolio_scale2_scale=1.3_ngopt14s_10,548.6286021451,1064.2883641557,False
100,200,f1_Sphere,ConfPortfolio_scale2_scale=1.3_ngopt14s_10,688.1420094531,762.7397219289,False
100,200,f1_Sphere,ConfPortfolio_scale2_scale=1.3_ngopt14s_10,404.8764844949,736.0652268401,False
100,200,f1_Sphere,ConfPortfolio_scale2_scale=1.3_ngopt14s_10,520.8251679796,735.717916806,False
100,200,f1_Sphere,ConfPortfolio_scale2_scale=1.3_ngopt14s_10,631.0286669374,898.1717434484,False
100,200,f1_Sphere,ConfPortfolio_scale2_scale=1.3_ngopt14s_10,525.1040447647,618.7000791665,False
100,200,f1_Sphere,ConfPortfolio_scale2_scale=1.3_ngopt14s_10,447.051372947,831.0709114101,False
100,200,f1_Sphere,ConfPortfolio_scale2_scale=1.3_ngopt14s_10,532.3134558899,820.6292530652,False
100,200,f1_Sphere,ConfPortfolio_scale2_scale=1.3_ngopt14s_10,498.4208451372,983.7171941027,False
100,200,f1_Sphere,ConfPortfolio_scale2_scale=1.3_ngopt14s_10,630.3015532834,901.6367295598,False
100,200,f1_Sphere,ConfPortfolio_scale2_scale=1.3_ngopt14s_10,607.4804136695,960.0497522516,False
100,200,f1_Sphere,ConfPortfolio_scale2_scale=1.3_ngopt14s_10,683.8063659985,858.8197117649,False
100,200,f1_Sphere,ConfPortfolio_scale2_scale=1.3_ngopt14s_10,510.0116673494,1015.2453267298,False
100,200,f1_Sphere,ConfPortfolio_scale2_scale=1.3_ngopt14s_10,541.2252098154,1001.3170761157,False
100,200,f1_Sphere,ConfPortfolio_scale2_scale=1.3_ngopt14s_10,477.7364801717,901.7747859967,False
100,200,f1_Sphere,ConfPortfolio_scale2_scale=1.3_ngopt14s_10,667.3389487567,946.9868733834,False
100,200,f1_Sphere,ConfPortfolio_scale2_scale=1.3_ngopt14s_10,543.0013863752,1097.8462628688,False
100,200,f1_Sphere,ConfPortfolio_scale2_scale=1.3_ngopt14s_10,590.2095049802,1075.496687406,False
100,200,f1_Sphere,ConfPortfolio_scale2_scale=1.3_ngopt14s_10,871.4641629408,778.8841846139,False
100,200,f1_Sphere,ConfPortfolio_scale2_scale=1.3_ngopt14s_10,515.3028618831,942.1250043076,False
100,200,f1_Sphere,ConfPortfolio_scale2_scale=1.3_ngopt14s_10,563.9532214534,986.6344806023,False
100,200,f1_Sphere,ConfPortfolio_scale2_scale=1.3_ngopt14s_10,460.25729373,778.8792358332,False
100,200,f1_Sphere,ConfPortfolio_scale2_scale=1.3_ngopt14s_10,487.277290817,922.0786066693,False
100,200,f1_Sphere,ConfPortfolio_scale2_scale=1.3_ngopt14s_10,687.3668518565,896.0551078114,False
100,200,f1_Sphere,ConfPortfolio_scale2_scale=1.3_ngopt14s_9,513.6524712015,975.0610625979,False
100,200,f1_Sphere,ConfPortfolio_scale2_scale=1.3_ngopt14s_9,526.3517480508,999.7370745191,False
100,200,f1_Sphere,ConfPortfolio_scale2_scale=1.3_ngopt14s_9,677.873529624,918.6821888769,False
100,200,f1_Sphere,ConfPortfolio_scale2_scale=1.3_ngopt14s_9,438.5710604345,757.6399580817,False
100,200,f1_Sphere,ConfPortfolio_scale2_scale=1.3_ngopt14s_9,508.1684038332,859.0736354205,False
100,200,f1_Sphere,ConfPortfolio_scale2_scale=1.3_ngopt14s_9,572.2421069014,872.5334812267,False
100,200,f1_Sphere,ConfPortfolio_scale2_scale=1.3_ngopt14s_9,491.7137503618,764.0989602792,False
100,200,f1_Sphere,ConfPortfolio_scale2_scale=1.3_ngopt14s_9,615.4359258908,930.2759957616,False
100,200,f1_Sphere,ConfPortfolio_scale2_scale=1.3_ngopt14s_9,595.9093197394,821.8073620761,False
100,200,f1_Sphere,ConfPortfolio_scale2_scale=1.3_ngopt14s_9,416.8039873508,1120.7418443507,False
100,200,f1_Sphere,ConfPortfolio_scale2_scale=1.3_ngopt14s_9,607.6272196523,870.8231263546,False
100,200,f1_Sphere,ConfPortfolio_scale2_scale=1.3_ngopt14s_9,553.70617263,884.19320761,False
100,200,f1_Sphere,ConfPortfolio_scale2_scale=1.3_ngopt14s_9,554.056604727,919.8430572114,False
100,200,f1_Sphere,ConfPortfolio_scale2_scale=1.3_ngopt14s_9,499.7087278426,1016.8180506352,False
100,200,f1_Sphere,ConfPortfolio_scale2_scale=1.3_ngopt14s_9,568.6103893322,1045.2963440007,False
100,200,f1_Sphere,ConfPortfolio_scale2_scale=1.3_ngopt14s_9,494.9383769807,990.2746941905,False
100,200,f1_Sphere,ConfPortfolio_scale2_scale=1.3_ngopt14s_9,598.6826059941,904.3473464178,False
100,200,f1_Sphere,ConfPortfolio_scale2_scale=1.3_ngopt14s_9,533.4645097346,1177.6884179961,False
100,200,f1_Sphere,ConfPortfolio_scale2_scale=1.3_ngopt14s_9,639.115594265,1179.6460602087,False
100,200,f1_Sphere,ConfPortfolio_scale2_scale=1.3_ngopt14s_9,619.3433667357,723.926043694,False
100,200,f1_Sphere,ConfPortfolio_scale2_scale=1.3_ngopt14s_9,680.0457457211,873.4292466312,False
100,200,f1_Sphere,ConfPortfolio_scale2_scale=1.3_ngopt14s_9,552.6227482746,992.0382056371,False
100,200,f1_Sphere,ConfPortfolio_scale2_scale=1.3_ngopt14s_9,602.4712391058,843.0329682261,False
100,200,f1_Sphere,ConfPortfolio_scale2_scale=1.3_ngopt14s_9,448.6612612499,901.5220334991,False
100,200,f1_Sphere,ConfPortfolio_scale2_scale=1.3_ngopt14s_9,580.0530229358,885.9173544198,False
100,200,f1_Sphere,ConfPortfolio_scale2_scale=1.3_ngopt14s_8,518.5801830491,1107.4099377707,False
100,200,f1_Sphere,ConfPortfolio_scale2_scale=1.3_ngopt14s_8,484.0840361115,1046.9518557163,False
100,200,f1_Sphere,ConfPortfolio_scale2_scale=1.3_ngopt14s_8,820.1635462854,979.0699736196,False
100,200,f1_Sphere,ConfPortfolio_scale2_scale=1.3_ngopt14s_8,504.3752465684,873.1134503484,False
100,200,f1_Sphere,ConfPortfolio_scale2_scale=1.3_ngopt14s_8,434.520912003,930.320729362,False
100,200,f1_Sphere,ConfPortfolio_scale2_scale=1.3_ngopt14s_8,584.7716245754,860.0440932683,False
100,200,f1_Sphere,ConfPortfolio_scale2_scale=1.3_ngopt14s_8,523.1743569101,818.2840197704,False
100,200,f1_Sphere,ConfPortfolio_scale2_scale=1.3_ngopt14s_8,533.106759315,926.0979633037,False
100,200,f1_Sphere,ConfPortfolio_scale2_scale=1.3_ngopt14s_8,528.3907872846,823.3960797411,False
100,200,f1_Sphere,ConfPortfolio_scale2_scale=1.3_ngopt14s_8,547.7961984417,1011.6945838368,False
100,200,f1_Sphere,ConfPortfolio_scale2_scale=1.3_ngopt14s_8,514.323200913,949.2422814692,False
100,200,f1_Sphere,ConfPortfolio_scale2_scale=1.3_ngopt14s_8,541.4349496093,1038.9386122834,False
100,200,f1_Sphere,ConfPortfolio_scale2_scale=1.3_ngopt14s_8,624.7290905208,886.5469526697,False
100,200,f1_Sphere,ConfPortfolio_scale2_scale=1.3_ngopt14s_8,526.091005097,1047.4974423395,False
100,200,f1_Sphere,ConfPortfolio_scale2_scale=1.3_ngopt14s_8,461.0228998681,1140.9445441433,False
100,200,f1_Sphere,ConfPortfolio_scale2_scale=1.3_ngopt14s_8,453.7029272736,1015.6454470443,False
100,200,f1_Sphere,ConfPortfolio_scale2_scale=1.3_ngopt14s_8,643.4076316012,1094.4907967567,False
100,200,f1_Sphere,ConfPortfolio_scale2_scale=1.3_ngopt14s_8,508.3809174818,1267.1092774398,False
100,200,f1_Sphere,ConfPortfolio_scale2_scale=1.3_ngopt14s_8,472.5353753126,1193.7753397774,False
100,200,f1_Sphere,ConfPortfolio_scale2_scale=1.3_ngopt14s_8,602.1502136357,768.4159006896,False
100,200,f1_Sphere,ConfPortfolio_scale2_scale=1.3_ngopt14s_8,498.6678710415,907.8671650573,False
100,200,f1_Sphere,ConfPortfolio_scale2_scale=1.3_ngopt14s_8,532.3124216644,1022.1613935643,False
100,200,f1_Sphere,ConfPortfolio_scale2_scale=1.3_ngopt14s_8,561.0231453932,896.6433586393,False
100,200,f1_Sphere,ConfPortfolio_scale2_scale=1.3_ngopt14s_8,475.99586733,852.8590586067,False
100,200,f1_Sphere,ConfPortfolio_scale2_scale=1.3_ngopt14s_8,537.7965964634,1001.8115511595,False
100,200,f1_Sphere,ConfPortfolio_scale2_scale=1.3_ngopt14s_7,452.4960359472,1124.5603217543,False
100,200,f1_Sphere,ConfPortfolio_scale2_scale=1.3_ngopt14s_7,407.650549651,1053.6444052445,False
100,200,f1_Sphere,ConfPortfolio_scale2_scale=1.3_ngopt14s_7,555.2097196923,959.4073776208,False
100,200,f1_Sphere,ConfPortfolio_scale2_scale=1.3_ngopt14s_7,409.1650623929,808.1996653516,False
100,200,f1_Sphere,ConfPortfolio_scale2_scale=1.3_ngopt14s_7,552.3784673347,946.8650201757,False
100,200,f1_Sphere,ConfPortfolio_scale2_scale=1.3_ngopt14s_7,507.327707972,833.4081649554,False
100,200,f1_Sphere,ConfPortfolio_scale2_scale=1.3_ngopt14s_7,537.3125056713,763.1288274564,False
100,200,f1_Sphere,ConfPortfolio_scale2_scale=1.3_ngopt14s_7,467.798892526,988.740014868,False
100,200,f1_Sphere,ConfPortfolio_scale2_scale=1.3_ngopt14s_7,450.728889348,823.2299913525,False
100,200,f1_Sphere,ConfPortfolio_scale2_scale=1.3_ngopt14s_7,379.7539432002,1111.8004380843,False
100,200,f1_Sphere,ConfPortfolio_scale2_scale=1.3_ngopt14s_7,524.6250403124,1023.131627293,False
100,200,f1_Sphere,ConfPortfolio_scale2_scale=1.3_ngopt14s_7,549.4027541102,1066.7021009605,False
100,200,f1_Sphere,ConfPortfolio_scale2_scale=1.3_ngopt14s_7,570.5592876639,1051.5085293841,False
100,200,f1_Sphere,ConfPortfolio_scale2_scale=1.3_ngopt14s_7,471.8318189345,982.4029109798,False
100,200,f1_Sphere,ConfPortfolio_scale2_scale=1.3_ngopt14s_7,334.9021604516,1236.2918282008,False
100,200,f1_Sphere,ConfPortfolio_scale2_scale=1.3_ngopt14s_7,450.7405671939,997.8980427921,False
100,200,f1_Sphere,ConfPortfolio_scale2_scale=1.3_ngopt14s_7,719.4037248037,1042.3790601929,False
100,200,f1_Sphere,ConfPortfolio_scale2_scale=1.3_ngopt14s_7,526.676107389,1263.5801146,False
100,200,f1_Sphere,ConfPortfolio_scale2_scale=1.3_ngopt14s_7,550.9169667073,1145.4672198068,False
100,200,f1_Sphere,ConfPortfolio_scale2_scale=1.3_ngopt14s_7,551.4589682306,804.9634547353,False
100,200,f1_Sphere,ConfPortfolio_scale2_scale=1.3_ngopt14s_7,512.2280476857,974.1589176782,False
100,200,f1_Sphere,ConfPortfolio_scale2_scale=1.3_ngopt14s_7,436.4146801939,1019.4976402976,False
100,200,f1_Sphere,ConfPortfolio_scale2_scale=1.3_ngopt14s_7,620.8604825756,932.8212313861,False
100,200,f1_Sphere,ConfPortfolio_scale2_scale=1.3_ngopt14s_7,516.6211568861,845.6744714634,False
100,200,f1_Sphere,ConfPortfolio_scale2_scale=1.3_ngopt14s_7,559.7054734252,1005.8583926707,False
100,200,f1_Sphere,ConfPortfolio_scale2_scale=1.3_ngopt14s_6,391.8630935531,1105.04678427,False
100,200,f1_Sphere,ConfPortfolio_scale2_scale=1.3_ngopt14s_6,447.9331597659,1129.2917637475,False
100,200,f1_Sphere,ConfPortfolio_scale2_scale=1.3_ngopt14s_6,579.3761183592,944.3154927051,False
100,200,f1_Sphere,ConfPortfolio_scale2_scale=1.3_ngopt14s_6,391.619775953,920.7516149208,False
100,200,f1_Sphere,ConfPortfolio_scale2_scale=1.3_ngopt14s_6,447.4990097346,975.6501245328,False
100,200,f1_Sphere,ConfPortfolio_scale2_scale=1.3_ngopt14s_6,584.4228404701,850.5634372173,False
100,200,f1_Sphere,ConfPortfolio_scale2_scale=1.3_ngopt14s_6,522.0031811093,736.4789275457,False
100,200,f1_Sphere,ConfPortfolio_scale2_scale=1.3_ngopt14s_6,546.754292003,1093.5135476445,False
100,200,f1_Sphere,ConfPortfolio_scale2_scale=1.3_ngopt14s_6,488.5761640855,895.6996535999,False
100,200,f1_Sphere,ConfPortfolio_scale2_scale=1.3_ngopt14s_6,435.6545753242,1072.7823359883,False
100,200,f1_Sphere,ConfPortfolio_scale2_scale=1.3_ngopt14s_6,572.2888110185,1113.103786443,False
100,200,f1_Sphere,ConfPortfolio_scale2_scale=1.3_ngopt14s_6,544.9568321939,1100.1593704112,False
100,200,f1_Sphere,ConfPortfolio_scale2_scale=1.3_ngopt14s_6,454.6759475229,1093.9284540005,False
100,200,f1_Sphere,ConfPortfolio_scale2_scale=1.3_ngopt14s_6,477.5022357078,974.0443175009,False
100,200,f1_Sphere,ConfPortfolio_scale2_scale=1.3_ngopt14s_6,412.3410577635,1296.968179576,False
100,200,f1_Sphere,ConfPortfolio_scale2_scale=1.3_ngopt14s_6,412.3728809762,1137.87492308,False
100,200,f1_Sphere,ConfPortfolio_scale2_scale=1.3_ngopt14s_6,556.3242355699,1185.9863058183,False
100,200,f1_Sphere,ConfPortfolio_scale2_scale=1.3_ngopt14s_6,430.0596026112,1229.6465785287,False
100,200,f1_Sphere,ConfPortfolio_scale2_scale=1.3_ngopt14s_6,438.6969452246,1347.4177057082,False
100,200,f1_Sphere,ConfPortfolio_scale2_scale=1.3_ngopt14s_6,658.6733252873,778.3009547812,False
100,200,f1_Sphere,ConfPortfolio_scale2_scale=1.3_ngopt14s_6,519.1575418403,1021.8758889923,False
100,200,f1_Sphere,ConfPortfolio_scale2_scale=1.3_ngopt14s_6,499.7362557315,1231.3469973967,False
100,200,f1_Sphere,ConfPortfolio_scale2_scale=1.3_ngopt14s_6,492.4944714871,978.4621010339,False
100,200,f1_Sphere,ConfPortfolio_scale2_scale=1.3_ngopt14s_6,512.7821399231,991.3249466926,False
100,200,f1_Sphere,ConfPortfolio_scale2_scale=1.3_ngopt14s_6,483.2723170113,1118.2297802831,False
100,200,f1_Sphere,ConfPortfolio_scale2_scale=1.3_ngopt14s_5,407.7695759116,1211.1013413603,False
100,200,f1_Sphere,ConfPortfolio_scale2_scale=1.3_ngopt14s_5,431.7082873715,1245.9455180576,False
100,200,f1_Sphere,ConfPortfolio_scale2_scale=1.3_ngopt14s_5,593.0185284567,1054.3528607337,False
100,200,f1_Sphere,ConfPortfolio_scale2_scale=1.3_ngopt14s_5,547.4313581234,1009.7344466296,False
100,200,f1_Sphere,ConfPortfolio_scale2_scale=1.3_ngopt14s_5,439.1445222439,1036.6944867083,False
100,200,f1_Sphere,ConfPortfolio_scale2_scale=1.3_ngopt14s_5,736.0837918685,973.3799328307,False
100,200,f1_Sphere,ConfPortfolio_scale2_scale=1.3_ngopt14s_5,516.817829334,858.1764652347,False
100,200,f1_Sphere,ConfPortfolio_scale2_scale=1.3_ngopt14s_5,398.7915631144,1070.0535772488,False
100,200,f1_Sphere,ConfPortfolio_scale2_scale=1.3_ngopt14s_5,566.1167378039,894.251031624,False
100,200,f1_Sphere,ConfPortfolio_scale2_scale=1.3_ngopt14s_5,467.3586271013,1187.1011937868,False
100,200,f1_Sphere,ConfPortfolio_scale2_scale=1.3_ngopt14s_5,471.0990474889,1089.6077738553,False
100,200,f1_Sphere,ConfPortfolio_scale2_scale=1.3_ngopt14s_5,543.3934303869,1166.8257907699,False
100,200,f1_Sphere,ConfPortfolio_scale2_scale=1.3_ngopt14s_5,562.393242783,1223.2200162039,False
100,200,f1_Sphere,ConfPortfolio_scale2_scale=1.3_ngopt14s_5,390.5338432669,1106.5124318933,False
100,200,f1_Sphere,ConfPortfolio_scale2_scale=1.3_ngopt14s_5,375.4843467746,1295.5021603788,False
100,200,f1_Sphere,ConfPortfolio_scale2_scale=1.3_ngopt14s_5,391.7703445682,1132.9819889906,False
100,200,f1_Sphere,ConfPortfolio_scale2_scale=1.3_ngopt14s_5,567.7804308828,1198.6983803392,False
100,200,f1_Sphere,ConfPortfolio_scale2_scale=1.3_ngopt14s_5,568.9258919455,1407.4839978408,False
100,200,f1_Sphere,ConfPortfolio_scale2_scale=1.3_ngopt14s_5,566.2047239434,1357.5388868752,False
100,200,f1_Sphere,ConfPortfolio_scale2_scale=1.3_ngopt14s_5,974.7230529532,899.6098985061,False
100,200,f1_Sphere,ConfPortfolio_scale2_scale=1.3_ngopt14s_5,526.9444164765,985.1635768011,False
100,200,f1_Sphere,ConfPortfolio_scale2_scale=1.3_ngopt14s_5,473.769524305,1205.42406489,False
100,200,f1_Sphere,ConfPortfolio_scale2_scale=1.3_ngopt14s_5,635.3906959435,968.2767764325,False
100,200,f1_Sphere,ConfPortfolio_scale2_scale=1.3_ngopt14s_5,424.0854867146,993.1130956453,False
100,200,f1_Sphere,ConfPortfolio_scale2_scale=1.3_ngopt14s_5,606.2424303988,1134.7486438258,False
100,200,f1_Sphere,ConfPortfolio_scale2_scale=1.3_ngopt14s_4,409.0930044618,1279.9817205883,False
100,200,f1_Sphere,ConfPortfolio_scale2_scale=1.3_ngopt14s_4,492.5051019223,1198.5400940847,False
100,200,f1_Sphere,ConfPortfolio_scale2_scale=1.3_ngopt14s_4,540.5046030809,1057.8929705226,False
100,200,f1_Sphere,ConfPortfolio_scale2_scale=1.3_ngopt14s_4,465.6240257055,1000.5682361673,False
100,200,f1_Sphere,ConfPortfolio_scale2_scale=1.3_ngopt14s_4,485.4822829674,1095.1969427948,False
100,200,f1_Sphere,ConfPortfolio_scale2_scale=1.3_ngopt14s_4,514.8344889404,972.9964443561,False
100,200,f1_Sphere,ConfPortfolio_scale2_scale=1.3_ngopt14s_4,807.7719270588,860.8432454742,False
100,200,f1_Sphere,ConfPortfolio_scale2_scale=1.3_ngopt14s_4,569.058506097,1044.4903311893,False
100,200,f1_Sphere,ConfPortfolio_scale2_scale=1.3_ngopt14s_4,466.3483460338,920.7599850525,False
100,200,f1_Sphere,ConfPortfolio_scale2_scale=1.3_ngopt14s_4,389.6165740324,1227.5688042068,False
100,200,f1_Sphere,ConfPortfolio_scale2_scale=1.3_ngopt14s_4,484.9441200432,1099.073106059,False
100,200,f1_Sphere,ConfPortfolio_scale2_scale=1.3_ngopt14s_4,439.8022110722,1232.5797245773,False
100,200,f1_Sphere,ConfPortfolio_scale2_scale=1.3_ngopt14s_4,417.1277272141,1182.4629599163,False
100,200,f1_Sphere,ConfPortfolio_scale2_scale=1.3_ngopt14s_4,519.0663261095,1133.567248642,False
100,200,f1_Sphere,ConfPortfolio_scale2_scale=1.3_ngopt14s_4,450.7989794456,1280.8582748567,False
100,200,f1_Sphere,ConfPortfolio_scale2_scale=1.3_ngopt14s_4,405.46456236,1046.2324511656,False
100,200,f1_Sphere,ConfPortfolio_scale2_scale=1.3_ngopt14s_4,550.965704772,1195.9576333738,False
100,200,f1_Sphere,ConfPortfolio_scale2_scale=1.3_ngopt14s_4,447.8052665893,1382.2255599437,False
100,200,f1_Sphere,ConfPortfolio_scale2_scale=1.3_ngopt14s_4,493.1446743393,1382.8996169673,False
100,200,f1_Sphere,ConfPortfolio_scale2_scale=1.3_ngopt14s_4,568.4659394898,909.254223117,False
100,200,f1_Sphere,ConfPortfolio_scale2_scale=1.3_ngopt14s_4,645.3478497346,1003.9743687958,False
100,200,f1_Sphere,ConfPortfolio_scale2_scale=1.3_ngopt14s_4,472.768870496,1231.5451568831,False
100,200,f1_Sphere,ConfPortfolio_scale2_scale=1.3_ngopt14s_4,725.4777378386,983.8758017239,False
100,200,f1_Sphere,ConfPortfolio_scale2_scale=1.3_ngopt14s_4,338.6692369596,1029.9896807153,False
100,200,f1_Sphere,ConfPortfolio_scale2_scale=1.3_ngopt14s_4,491.929084356,1136.3090768376,False
100,200,f1_Sphere,ConfPortfolio_scale2_scale=1.3_ngopt14s_3,1313.7106395649,1230.1123786961,False
100,200,f1_Sphere,ConfPortfolio_scale2_scale=1.3_ngopt14s_3,1291.4925308271,1235.9747684839,False
100,200,f1_Sphere,ConfPortfolio_scale2_scale=1.3_ngopt14s_3,1118.6713988822,1030.1884797908,False
100,200,f1_Sphere,ConfPortfolio_scale2_scale=1.3_ngopt14s_3,1049.9037345249,995.4129842126,False
100,200,f1_Sphere,ConfPortfolio_scale2_scale=1.3_ngopt14s_3,1177.5370209484,1100.4235090061,False
100,200,f1_Sphere,ConfPortfolio_scale2_scale=1.3_ngopt14s_3,1062.5973723245,979.8895808012,False
100,200,f1_Sphere,ConfPortfolio_scale2_scale=1.3_ngopt14s_3,906.7063786838,835.7634366949,False
100,200,f1_Sphere,ConfPortfolio_scale2_scale=1.3_ngopt14s_3,1119.6934135505,1115.1461130072,False
100,200,f1_Sphere,ConfPortfolio_scale2_scale=1.3_ngopt14s_3,952.2309525093,871.5279595116,False
100,200,f1_Sphere,ConfPortfolio_scale2_scale=1.3_ngopt14s_3,1248.0973374367,1169.4455478026,False
100,200,f1_Sphere,ConfPortfolio_scale2_scale=1.3_ngopt14s_3,1178.596025624,1158.0382794214,False
100,200,f1_Sphere,ConfPortfolio_scale2_scale=1.3_ngopt14s_3,1271.2642710063,1176.0580788086,False
100,200,f1_Sphere,ConfPortfolio_scale2_scale=1.3_ngopt14s_3,1264.8763826243,1252.7145545089,False
100,200,f1_Sphere,ConfPortfolio_scale2_scale=1.3_ngopt14s_3,1168.2211344689,1065.2621294196,False
100,200,f1_Sphere,ConfPortfolio_scale2_scale=1.3_ngopt14s_3,1387.6938766867,1357.6585236877,False
100,200,f1_Sphere,ConfPortfolio_scale2_scale=1.3_ngopt14s_3,1155.5039735833,1164.3694180555,False
100,200,f1_Sphere,ConfPortfolio_scale2_scale=1.3_ngopt14s_3,1260.772369652,1248.5471860119,False
100,200,f1_Sphere,ConfPortfolio_scale2_scale=1.3_ngopt14s_3,1438.1641423915,1381.618868173,False
100,200,f1_Sphere,ConfPortfolio_scale2_scale=1.3_ngopt14s_3,1438.7908783568,1415.022727097,False
100,200,f1_Sphere,ConfPortfolio_scale2_scale=1.3_ngopt14s_3,962.959818091,899.4787447138,False
100,200,f1_Sphere,ConfPortfolio_scale2_scale=1.3_ngopt14s_3,1080.6317552731,1029.7582644719,False
100,200,f1_Sphere,ConfPortfolio_scale2_scale=1.3_ngopt14s_3,1297.129361931,1291.3345200058,False
100,200,f1_Sphere,ConfPortfolio_scale2_scale=1.3_ngopt14s_3,1041.5086028693,1031.9674112768,False
100,200,f1_Sphere,ConfPortfolio_scale2_scale=1.3_ngopt14s_3,1069.5696513775,1066.6604455569,False
100,200,f1_Sphere,ConfPortfolio_scale2_scale=1.3_ngopt14s_3,1170.9443328066,1078.4525590963,False
100,200,f1_Sphere,ConfPortfolio_scale2_scale=1.3_ngopt14s_2,1287.042655403,1253.7384600062,False
100,200,f1_Sphere,ConfPortfolio_scale2_scale=1.3_ngopt14s_2,1281.2943474553,1242.0746953333,False
100,200,f1_Sphere,ConfPortfolio_scale2_scale=1.3_ngopt14s_2,1088.1126823662,1043.922224084,False
100,200,f1_Sphere,ConfPortfolio_scale2_scale=1.3_ngopt14s_2,1037.0062972527,994.4890689806,False
100,200,f1_Sphere,ConfPortfolio_scale2_scale=1.3_ngopt14s_2,1135.2210073598,1109.6244940556,False
100,200,f1_Sphere,ConfPortfolio_scale2_scale=1.3_ngopt14s_2,1048.327726383,999.6683216467,False
100,200,f1_Sphere,ConfPortfolio_scale2_scale=1.3_ngopt14s_2,896.3704399147,849.1000899874,False
100,200,f1_Sphere,ConfPortfolio_scale2_scale=1.3_ngopt14s_2,1104.1921039374,1118.0896663387,False
100,200,f1_Sphere,ConfPortfolio_scale2_scale=1.3_ngopt14s_2,934.9354687731,888.0650168016,False
100,200,f1_Sphere,ConfPortfolio_scale2_scale=1.3_ngopt14s_2,1233.1913766328,1198.5355326154,False
100,200,f1_Sphere,ConfPortfolio_scale2_scale=1.3_ngopt14s_2,1146.6002505837,1125.6276602308,False
100,200,f1_Sphere,ConfPortfolio_scale2_scale=1.3_ngopt14s_2,1252.482802821,1199.1609922643,False
100,200,f1_Sphere,ConfPortfolio_scale2_scale=1.3_ngopt14s_2,1242.9184617759,1200.7571566631,False
100,200,f1_Sphere,ConfPortfolio_scale2_scale=1.3_ngopt14s_2,1148.9657256832,1101.8206378687,False
100,200,f1_Sphere,ConfPortfolio_scale2_scale=1.3_ngopt14s_2,1365.8036063741,1363.2760671003,False
100,200,f1_Sphere,ConfPortfolio_scale2_scale=1.3_ngopt14s_2,1161.3716439449,1134.5366326064,False
100,200,f1_Sphere,ConfPortfolio_scale2_scale=1.3_ngopt14s_2,1242.205947305,1185.6627002616,False
100,200,f1_Sphere,ConfPortfolio_scale2_scale=1.3_ngopt14s_2,1442.6014763271,1414.9058494485,False
100,200,f1_Sphere,ConfPortfolio_scale2_scale=1.3_ngopt14s_2,1435.1743625525,1387.8215962074,False
100,200,f1_Sphere,ConfPortfolio_scale2_scale=1.3_ngopt14s_2,962.3379456637,926.9330312703,False
100,200,f1_Sphere,ConfPortfolio_scale2_scale=1.3_ngopt14s_2,1058.6492659096,1027.8479377458,False
100,200,f1_Sphere,ConfPortfolio_scale2_scale=1.3_ngopt14s_2,1276.3711062626,1278.9839357006,False
100,200,f1_Sphere,ConfPortfolio_scale2_scale=1.3_ngopt14s_2,1014.9635415959,1024.0874946069,False
100,200,f1_Sphere,ConfPortfolio_scale2_scale=1.3_ngopt14s_2,1054.1250462092,1003.8020009691,False
100,200,f1_Sphere,ConfPortfolio_scale2_scale=1.3_ngopt14s_2,1171.3786701607,1122.229044198,False
100,200,f1_Sphere,ConfPortfolio_scale2_NA_ngopt14s_1,1260.9080906965,1260.9080906965,True
100,200,f1_Sphere,ConfPortfolio_scale2_NA_ngopt14s_1,1218.9639416891,1218.9639416891,True
100,200,f1_Sphere,ConfPortfolio_scale2_NA_ngopt14s_1,1042.5489880492,1042.5489880492,True
100,200,f1_Sphere,ConfPortfolio_scale2_NA_ngopt14s_1,993.1693425451,993.1693425451,True
100,200,f1_Sphere,ConfPortfolio_scale2_NA_ngopt14s_1,1102.2731698308,1102.2731698308,True
100,200,f1_Sphere,ConfPortfolio_scale2_NA_ngopt14s_1,1010.6454619165,1010.6454619165,True
100,200,f1_Sphere,ConfPortfolio_scale2_NA_ngopt14s_1,849.891076556,849.891076556,True
100,200,f1_Sphere,ConfPortfolio_scale2_NA_ngopt14s_1,1036.7648655471,1036.7648655471,True
100,200,f1_Sphere,ConfPortfolio_scale2_NA_ngopt14s_1,885.1816626545,885.1816626545,True
100,200,f1_Sphere,ConfPortfolio_scale2_NA_ngopt14s_1,1171.236215309,1171.236215309,True
100,200,f1_Sphere,ConfPortfolio_scale2_NA_ngopt14s_1,1110.2867476763,1110.2867476763,True
100,200,f1_Sphere,ConfPortfolio_scale2_NA_ngopt14s_1,1213.1114420181,1213.1114420181,True
100,200,f1_Sphere,ConfPortfolio_scale2_NA_ngopt14s_1,1199.681450127,1199.681450127,True
100,200,f1_Sphere,ConfPortfolio_scale2_NA_ngopt14s_1,1099.5890460957,1099.5890460957,True
100,200,f1_Sphere,ConfPortfolio_scale2_NA_ngopt14s_1,1316.3283586789,1316.3283586789,True
100,200,f1_Sphere,ConfPortfolio_scale2_NA_ngopt14s_1,1110.5913166017,1110.5913166017,True
100,200,f1_Sphere,ConfPortfolio_scale2_NA_ngopt14s_1,1200.6632904187,1200.6632904187,True
100,200,f1_Sphere,ConfPortfolio_scale2_NA_ngopt14s_1,1404.0073941598,1404.0073941598,True
100,200,f1_Sphere,ConfPortfolio_scale2_NA_ngopt14s_1,1367.7777070022,1367.7777070022,True
100,200,f1_Sphere,ConfPortfolio_scale2_NA_ngopt14s_1,921.0205665532,921.0205665532,True
100,200,f1_Sphere,ConfPortfolio_scale2_NA_ngopt14s_1,1019.745153154,1019.745153154,True
100,200,f1_Sphere,ConfPortfolio_scale2_NA_ngopt14s_1,1222.8893943905,1222.8893943905,True
100,200,f1_Sphere,ConfPortfolio_scale2_NA_ngopt14s_1,985.1645946379,985.1645946379,True
100,200,f1_Sphere,ConfPortfolio_scale2_NA_ngopt14s_1,1015.0890442967,1015.0890442967,True
100,200,f1_Sphere,ConfPortfolio_scale2_NA_ngopt14s_1,1120.39642898,1120.39642898,True
100,200,f1_Sphere,ConfPortfolio_scale2_scale=0.9_ngopt14s_13,558.6705298253,1341.5583652895,False
100,200,f1_Sphere,ConfPortfolio_scale2_scale=0.9_ngopt14s_13,565.5904029749,1309.267128537,False
100,200,f1_Sphere,ConfPortfolio_scale2_scale=0.9_ngopt14s_13,546.9759884742,1134.3515983658,False
100,200,f1_Sphere,ConfPortfolio_scale2_scale=0.9_ngopt14s_13,537.1074027048,1083.1182565617,False
100,200,f1_Sphere,ConfPortfolio_scale2_scale=0.9_ngopt14s_13,494.6495123642,1183.7164922564,False
100,200,f1_Sphere,ConfPortfolio_scale2_scale=0.9_ngopt14s_13,539.4895627261,1075.0931604415,False
100,200,f1_Sphere,ConfPortfolio_scale2_scale=0.9_ngopt14s_13,416.2615265451,941.9829546342,False
100,200,f1_Sphere,ConfPortfolio_scale2_scale=0.9_ngopt14s_13,503.8338046922,1137.4116446601,False
100,200,f1_Sphere,ConfPortfolio_scale2_scale=0.9_ngopt14s_13,488.5702675498,943.7820444376,False
100,200,f1_Sphere,ConfPortfolio_scale2_scale=0.9_ngopt14s_13,522.0785531585,1261.6657603851,False
100,200,f1_Sphere,ConfPortfolio_scale2_scale=0.9_ngopt14s_13,523.8226666638,1184.1363994419,False
100,200,f1_Sphere,ConfPortfolio_scale2_scale=0.9_ngopt14s_13,550.320781251,1269.2226072692,False
100,200,f1_Sphere,ConfPortfolio_scale2_scale=0.9_ngopt14s_13,582.3905331949,1294.6496319339,False
100,200,f1_Sphere,ConfPortfolio_scale2_scale=0.9_ngopt14s_13,498.8971775565,1179.8314649248,False
100,200,f1_Sphere,ConfPortfolio_scale2_scale=0.9_ngopt14s_13,564.672825691,1397.6208281381,False
100,200,f1_Sphere,ConfPortfolio_scale2_scale=0.9_ngopt14s_13,414.0270150984,1187.1653915907,False
100,200,f1_Sphere,ConfPortfolio_scale2_scale=0.9_ngopt14s_13,602.3944734798,1262.6708965546,False
100,200,f1_Sphere,ConfPortfolio_scale2_scale=0.9_ngopt14s_13,578.9051085086,1502.6942017746,False
100,200,f1_Sphere,ConfPortfolio_scale2_scale=0.9_ngopt14s_13,603.8531377968,1455.9198804027,False
100,200,f1_Sphere,ConfPortfolio_scale2_scale=0.9_ngopt14s_13,452.3072295401,992.0840907872,False
100,200,f1_Sphere,ConfPortfolio_scale2_scale=0.9_ngopt14s_13,497.4605489313,1090.9725500258,False
100,200,f1_Sphere,ConfPortfolio_scale2_scale=0.9_ngopt14s_13,583.8022698897,1311.2778440144,False
100,200,f1_Sphere,ConfPortfolio_scale2_scale=0.9_ngopt14s_13,456.6983025522,1054.4624342804,False
100,200,f1_Sphere,ConfPortfolio_scale2_scale=0.9_ngopt14s_13,486.273521301,1084.5537353013,False
100,200,f1_Sphere,ConfPortfolio_scale2_scale=0.9_ngopt14s_13,515.5589962231,1199.7390592859,False
100,200,f1_Sphere,ConfPortfolio_scale2_scale=0.9_ngopt14s_12,578.1175534111,1336.3636552421,False
100,200,f1_Sphere,ConfPortfolio_scale2_scale=0.9_ngopt14s_12,570.1235342837,1303.0561616639,False
100,200,f1_Sphere,ConfPortfolio_scale2_scale=0.9_ngopt14s_12,496.5783621749,1142.3730829679,False
100,200,f1_Sphere,ConfPortfolio_scale2_scale=0.9_ngopt14s_12,403.1369078496,1081.145252642,False
100,200,f1_Sphere,ConfPortfolio_scale2_scale=0.9_ngopt14s_12,379.6871686391,1163.675951343,False
100,200,f1_Sphere,ConfPortfolio_scale2_scale=0.9_ngopt14s_12,490.1667324199,1062.4234587928,False
100,200,f1_Sphere,ConfPortfolio_scale2_scale=0.9_ngopt14s_12,520.2035953702,934.1492248045,False
100,200,f1_Sphere,ConfPortfolio_scale2_scale=0.9_ngopt14s_12,578.9536856804,1122.5353949893,False
100,200,f1_Sphere,ConfPortfolio_scale2_scale=0.9_ngopt14s_12,455.2208868137,950.1799708267,False
100,200,f1_Sphere,ConfPortfolio_scale2_scale=0.9_ngopt14s_12,539.7758591655,1260.6130227535,False
100,200,f1_Sphere,ConfPortfolio_scale2_scale=0.9_ngopt14s_12,488.1159286219,1178.1453257811,False
100,200,f1_Sphere,ConfPortfolio_scale2_scale=0.9_ngopt14s_12,558.3926654819,1276.6839565772,False
100,200,f1_Sphere,ConfPortfolio_scale2_scale=0.9_ngopt14s_12,603.6883456294,1281.0117517046,False
100,200,f1_Sphere,ConfPortfolio_scale2_scale=0.9_ngopt14s_12,477.336579856,1194.8645438495,False
100,200,f1_Sphere,ConfPortfolio_scale2_scale=0.9_ngopt14s_12,467.7600588963,1383.6850923673,False
100,200,f1_Sphere,ConfPortfolio_scale2_scale=0.9_ngopt14s_12,403.4548489067,1187.546275294,False
100,200,f1_Sphere,ConfPortfolio_scale2_scale=0.9_ngopt14s_12,592.5753904815,1269.2865966387,False
100,200,f1_Sphere,ConfPortfolio_scale2_scale=0.9_ngopt14s_12,647.9893893111,1479.699628489,False
100,200,f1_Sphere,ConfPortfolio_scale2_scale=0.9_ngopt14s_12,576.5652988367,1451.7578663393,False
100,200,f1_Sphere,ConfPortfolio_scale2_scale=0.9_ngopt14s_12,426.6360080348,983.4046244939,False
100,200,f1_Sphere,ConfPortfolio_scale2_scale=0.9_ngopt14s_12,452.3908231355,1096.4439665914,False
100,200,f1_Sphere,ConfPortfolio_scale2_scale=0.9_ngopt14s_12,559.5451115446,1315.7203876982,False
100,200,f1_Sphere,ConfPortfolio_scale2_scale=0.9_ngopt14s_12,493.2025542173,1057.5181028907,False
100,200,f1_Sphere,ConfPortfolio_scale2_scale=0.9_ngopt14s_12,472.8542396972,1078.7639507507,False
100,200,f1_Sphere,ConfPortfolio_scale2_scale=0.9_ngopt14s_12,459.1674259688,1188.1823565243,False
100,200,f1_Sphere,ConfPortfolio_scale2_scale=0.9_ngopt14s_11,582.13230064,1331.043846695,False
100,200,f1_Sphere,ConfPortfolio_scale2_scale=0.9_ngopt14s_11,562.1444628457,1309.6071393051,False
100,200,f1_Sphere,ConfPortfolio_scale2_scale=0.9_ngopt14s_11,546.6866299044,1143.3388485695,False
100,200,f1_Sphere,ConfPortfolio_scale2_scale=0.9_ngopt14s_11,442.7197029443,1084.5789216109,False
100,200,f1_Sphere,ConfPortfolio_scale2_scale=0.9_ngopt14s_11,395.5520854568,1165.5456188979,False
100,200,f1_Sphere,ConfPortfolio_scale2_scale=0.9_ngopt14s_11,488.8454679059,1058.7923321156,False
100,200,f1_Sphere,ConfPortfolio_scale2_scale=0.9_ngopt14s_11,446.1279284331,936.4209478303,False
100,200,f1_Sphere,ConfPortfolio_scale2_scale=0.9_ngopt14s_11,521.7605428214,1126.641117796,False
100,200,f1_Sphere,ConfPortfolio_scale2_scale=0.9_ngopt14s_11,403.88518777,965.6429019178,False
100,200,f1_Sphere,ConfPortfolio_scale2_scale=0.9_ngopt14s_11,533.2840070678,1260.3927090721,False
100,200,f1_Sphere,ConfPortfolio_scale2_scale=0.9_ngopt14s_11,467.5223024815,1180.5896043752,False
100,200,f1_Sphere,ConfPortfolio_scale2_scale=0.9_ngopt14s_11,646.583984765,1273.1608195297,False
100,200,f1_Sphere,ConfPortfolio_scale2_scale=0.9_ngopt14s_11,483.4374119003,1282.6690929457,False
100,200,f1_Sphere,ConfPortfolio_scale2_scale=0.9_ngopt14s_11,491.8971347663,1181.8105253385,False
100,200,f1_Sphere,ConfPortfolio_scale2_scale=0.9_ngopt14s_11,524.3955542967,1397.5261428409,False
100,200,f1_Sphere,ConfPortfolio_scale2_scale=0.9_ngopt14s_11,444.2921921002,1194.1589686668,False
100,200,f1_Sphere,ConfPortfolio_scale2_scale=0.9_ngopt14s_11,519.561240275,1260.757305435,False
100,200,f1_Sphere,ConfPortfolio_scale2_scale=0.9_ngopt14s_11,581.6367106154,1470.7132486763,False
100,200,f1_Sphere,ConfPortfolio_scale2_scale=0.9_ngopt14s_11,487.5907400545,1431.5481602157,False
100,200,f1_Sphere,ConfPortfolio_scale2_scale=0.9_ngopt14s_11,472.4756389658,979.8620714966,False
100,200,f1_Sphere,ConfPortfolio_scale2_scale=0.9_ngopt14s_11,455.3163728269,1095.6680871368,False
100,200,f1_Sphere,ConfPortfolio_scale2_scale=0.9_ngopt14s_11,508.7523675443,1316.5260777831,False
100,200,f1_Sphere,ConfPortfolio_scale2_scale=0.9_ngopt14s_11,428.021333413,1052.8404249623,False
100,200,f1_Sphere,ConfPortfolio_scale2_scale=0.9_ngopt14s_11,425.8677745517,1065.5416636261,False
100,200,f1_Sphere,ConfPortfolio_scale2_scale=0.9_ngopt14s_11,473.3809880115,1211.1099603083,False
100,200,f1_Sphere,ConfPortfolio_scale2_scale=0.9_ngopt14s_10,563.7624076367,1326.9204219205,False
100,200,f1_Sphere,ConfPortfolio_scale2_scale=0.9_ngopt14s_10,547.7076333376,1310.116037482,False
100,200,f1_Sphere,ConfPortfolio_scale2_scale=0.9_ngopt14s_10,518.878075633,1130.3119200326,False
100,200,f1_Sphere,ConfPortfolio_scale2_scale=0.9_ngopt14s_10,357.1305076828,1076.8845520193,False
100,200,f1_Sphere,ConfPortfolio_scale2_scale=0.9_ngopt14s_10,412.5201642359,1165.251089226,False
100,200,f1_Sphere,ConfPortfolio_scale2_scale=0.9_ngopt14s_10,507.3329154876,1037.5952110531,False
100,200,f1_Sphere,ConfPortfolio_scale2_scale=0.9_ngopt14s_10,400.4637173835,943.4351384566,False
100,200,f1_Sphere,ConfPortfolio_scale2_scale=0.9_ngopt14s_10,401.5928746961,1146.3710675531,False
100,200,f1_Sphere,ConfPortfolio_scale2_scale=0.9_ngopt14s_10,403.0750627456,946.7740501796,False
100,200,f1_Sphere,ConfPortfolio_scale2_scale=0.9_ngopt14s_10,544.0035162904,1239.4467711753,False
100,200,f1_Sphere,ConfPortfolio_scale2_scale=0.9_ngopt14s_10,482.0898249535,1185.2624530903,False
100,200,f1_Sphere,ConfPortfolio_scale2_scale=0.9_ngopt14s_10,584.936948659,1266.8774182644,False
100,200,f1_Sphere,ConfPortfolio_scale2_scale=0.9_ngopt14s_10,544.4304314623,1271.0128698865,False
100,200,f1_Sphere,ConfPortfolio_scale2_scale=0.9_ngopt14s_10,452.3977159988,1166.023738648,False
100,200,f1_Sphere,ConfPortfolio_scale2_scale=0.9_ngopt14s_10,446.8565582051,1392.9184885091,False
100,200,f1_Sphere,ConfPortfolio_scale2_scale=0.9_ngopt14s_10,405.5030588453,1183.5349985482,False
100,200,f1_Sphere,ConfPortfolio_scale2_scale=0.9_ngopt14s_10,524.0494331416,1263.5553764693,False
100,200,f1_Sphere,ConfPortfolio_scale2_scale=0.9_ngopt14s_10,620.9377278966,1455.9394425251,False
100,200,f1_Sphere,ConfPortfolio_scale2_scale=0.9_ngopt14s_10,466.6556192714,1435.284433896,False
100,200,f1_Sphere,ConfPortfolio_scale2_scale=0.9_ngopt14s_10,435.851338032,979.3369514206,False
100,200,f1_Sphere,ConfPortfolio_scale2_scale=0.9_ngopt14s_10,445.7313248434,1087.2794502767,False
100,200,f1_Sphere,ConfPortfolio_scale2_scale=0.9_ngopt14s_10,497.3560567615,1312.5699110589,False
100,200,f1_Sphere,ConfPortfolio_scale2_scale=0.9_ngopt14s_10,457.9020260905,1047.4501841637,False
100,200,f1_Sphere,ConfPortfolio_scale2_scale=0.9_ngopt14s_10,366.9849788763,1081.8076000251,False
100,200,f1_Sphere,ConfPortfolio_scale2_scale=0.9_ngopt14s_10,518.1072342671,1197.0263168458,False
100,200,f1_Sphere,ConfPortfolio_scale2_scale=0.9_ngopt14s_9,452.4235559393,1326.3471100705,False
100,200,f1_Sphere,ConfPortfolio_scale2_scale=0.9_ngopt14s_9,479.8243310958,1321.7038376465,False
100,200,f1_Sphere,ConfPortfolio_scale2_scale=0.9_ngopt14s_9,468.2337141213,1125.8380383119,False
100,200,f1_Sphere,ConfPortfolio_scale2_scale=0.9_ngopt14s_9,311.0481167256,1072.3410279358,False
100,200,f1_Sphere,ConfPortfolio_scale2_scale=0.9_ngopt14s_9,483.6136680229,1172.4823593507,False
100,200,f1_Sphere,ConfPortfolio_scale2_scale=0.9_ngopt14s_9,416.4056827516,1069.5921103658,False
100,200,f1_Sphere,ConfPortfolio_scale2_scale=0.9_ngopt14s_9,386.7876175072,914.129637953,False
100,200,f1_Sphere,ConfPortfolio_scale2_scale=0.9_ngopt14s_9,457.7453650856,1117.0047458035,False
100,200,f1_Sphere,ConfPortfolio_scale2_scale=0.9_ngopt14s_9,346.0966150749,958.4863036754,False
100,200,f1_Sphere,ConfPortfolio_scale2_scale=0.9_ngopt14s_9,484.6908901389,1246.5781598225,False
100,200,f1_Sphere,ConfPortfolio_scale2_scale=0.9_ngopt14s_9,426.9716136553,1185.5372197966,False
100,200,f1_Sphere,ConfPortfolio_scale2_scale=0.9_ngopt14s_9,407.0505182603,1264.256349876,False
100,200,f1_Sphere,ConfPortfolio_scale2_scale=0.9_ngopt14s_9,494.8804578955,1287.9344431503,False
100,200,f1_Sphere,ConfPortfolio_scale2_scale=0.9_ngopt14s_9,421.0364328211,1186.0557654525,False
100,200,f1_Sphere,ConfPortfolio_scale2_scale=0.9_ngopt14s_9,434.9201166162,1392.5867326021,False
100,200,f1_Sphere,ConfPortfolio_scale2_scale=0.9_ngopt14s_9,466.9901552443,1184.5128439321,False
100,200,f1_Sphere,ConfPortfolio_scale2_scale=0.9_ngopt14s_9,442.6247892861,1247.9759450981,False
100,200,f1_Sphere,ConfPortfolio_scale2_scale=0.9_ngopt14s_9,578.9082752621,1475.7294246451,False
100,200,f1_Sphere,ConfPortfolio_scale2_scale=0.9_ngopt14s_9,426.871504914,1429.832605766,False
100,200,f1_Sphere,ConfPortfolio_scale2_scale=0.9_ngopt14s_9,433.2727096944,992.0473315153,False
100,200,f1_Sphere,ConfPortfolio_scale2_scale=0.9_ngopt14s_9,459.6274753529,1091.3166975858,False
100,200,f1_Sphere,ConfPortfolio_scale2_scale=0.9_ngopt14s_9,463.7751062297,1313.820680123,False
100,200,f1_Sphere,ConfPortfolio_scale2_scale=0.9_ngopt14s_9,456.4539183057,1059.0864021125,False
100,200,f1_Sphere,ConfPortfolio_scale2_scale=0.9_ngopt14s_9,378.9986674683,1074.0596253083,False
100,200,f1_Sphere,ConfPortfolio_scale2_scale=0.9_ngopt14s_9,501.2379932015,1199.7820966925,False
