dimensions,budget,algorithm,rank,algo ID
2,200,ParametrizedMetaModel(multivariate_optimizer=CmaFmin2),1,5
2,200,MetaModelOnePlusOne,2,4
2,200,ChainMetaModelPowell,3,1
2,200,CMA,5,0
2,200,MetaModel,ngopt_3,3
3,200,MetaModelOnePlusOne,2,4
3,200,ChainMetaModelPowell,3,1
3,200,MetaModel,3,3
3,200,Cobyla,5,2
3,200,ParametrizedMetaModel(multivariate_optimizer=CmaFmin2),ngopt_1,5
5,200,MetaModelOnePlusOne,1,4
5,200,ParametrizedMetaModel(multivariate_optimizer=CmaFmin2),2,5
5,200,ChainMetaModelPowell,4,1
5,200,MetaModel,4,3
5,200,Cobyla,ngopt_3,2
10,200,MetaModelOnePlusOne,2,4
10,200,ParametrizedMetaModel(multivariate_optimizer=CmaFmin2),3,5
10,200,ConfPortfolio_scale2_NA_ngopt14s_1,4,38
10,200,ChainMetaModelPowell,4,1
10,200,Cobyla,ngopt_1,2
15,200,MetaModelOnePlusOne,2,4
15,200,ParametrizedMetaModel(multivariate_optimizer=CmaFmin2),3,5
15,200,CMA,4,0
15,200,ConfPortfolio_scale2_NA_ngopt14s_1,4,38
15,200,Cobyla,ngopt_1,2
20,200,ParametrizedMetaModel(multivariate_optimizer=CmaFmin2),2,5
20,200,MetaModelOnePlusOne,3,4
20,200,CMA,4,0
20,200,ConfPortfolio_scale2_NA_ngopt14s_1,4,38
20,200,Cobyla,ngopt_1,2
25,200,ParametrizedMetaModel(multivariate_optimizer=CmaFmin2),2,5
25,200,MetaModelOnePlusOne,3,4
25,200,CMA,4,0
25,200,ConfPortfolio_scale2_NA_ngopt14s_1,4,38
25,200,Cobyla,ngopt_1,2
30,200,ParametrizedMetaModel(multivariate_optimizer=CmaFmin2),2,5
30,200,MetaModelOnePlusOne,3,4
30,200,CMA,4,0
30,200,ConfPortfolio_scale2_NA_ngopt14s_1,4,38
30,200,Cobyla,ngopt_1,2
35,200,ParametrizedMetaModel(multivariate_optimizer=CmaFmin2),2,5
35,200,MetaModelOnePlusOne,3,4
35,200,CMA,4,0
35,200,ConfPortfolio_scale2_NA_ngopt14s_1,4,38
35,200,Cobyla,ngopt_1,2
40,200,ParametrizedMetaModel(multivariate_optimizer=CmaFmin2),2,5
40,200,MetaModelOnePlusOne,3,4
40,200,CMA,4,0
40,200,ConfPortfolio_scale2_NA_ngopt14s_1,4,38
40,200,Cobyla,ngopt_1,2
45,200,ParametrizedMetaModel(multivariate_optimizer=CmaFmin2),2,5
45,200,MetaModelOnePlusOne,3,4
45,200,CMA,4,0
45,200,ConfPortfolio_scale2_NA_ngopt14s_1,4,38
45,200,Cobyla,ngopt_1,2
50,200,ParametrizedMetaModel(multivariate_optimizer=CmaFmin2),2,5
50,200,MetaModelOnePlusOne,3,4
50,200,CMA,4,0
50,200,ConfPortfolio_scale2_NA_ngopt14s_1,4,38
50,200,Cobyla,ngopt_1,2
60,200,ParametrizedMetaModel(multivariate_optimizer=CmaFmin2),2,5
60,200,MetaModelOnePlusOne,3,4
60,200,CMA,4,0
60,200,ConfPortfolio_scale2_NA_ngopt14s_1,4,38
60,200,Cobyla,ngopt_1,2
70,200,ParametrizedMetaModel(multivariate_optimizer=CmaFmin2),2,5
70,200,MetaModelOnePlusOne,3,4
70,200,CMA,4,0
70,200,ConfPortfolio_scale2_NA_ngopt14s_1,4,38
70,200,Cobyla,ngopt_1,2
80,200,ParametrizedMetaModel(multivariate_optimizer=CmaFmin2),2,5
80,200,MetaModelOnePlusOne,3,4
80,200,CMA,4,0
80,200,ConfPortfolio_scale2_NA_ngopt14s_1,4,38
80,200,Cobyla,ngopt_1,2
90,200,ParametrizedMetaModel(multivariate_optimizer=CmaFmin2),1,5
90,200,MetaModelOnePlusOne,3,4
90,200,CMA,4,0
90,200,ConfPortfolio_scale2_NA_ngopt14s_1,4,38
90,200,Cobyla,ngopt_2,2
100,200,ParametrizedMetaModel(multivariate_optimizer=CmaFmin2),1,5
100,200,MetaModelOnePlusOne,3,4
100,200,ConfPortfolio_scale2_NA_ngopt14s_6,4,12
100,200,ConfPortfolio_scale2_NA_ngopt14s_7,5,11
100,200,Cobyla,ngopt_2,2
2,300,ParametrizedMetaModel(multivariate_optimizer=CmaFmin2),1,5
2,300,ChainMetaModelPowell,2,1
2,300,CMA,4,0
2,300,ConfPortfolio_scale2_NA_ngopt14s_1,4,38
2,300,MetaModel,ngopt_2,3
3,300,ChainMetaModelPowell,2,1
3,300,MetaModel,2,3
3,300,MetaModelOnePlusOne,4,4
3,300,CMA,5,0
3,300,ParametrizedMetaModel(multivariate_optimizer=CmaFmin2),ngopt_1,5
5,300,MetaModelOnePlusOne,2,4
5,300,Cobyla,3,2
5,300,ChainMetaModelPowell,4,1
5,300,MetaModel,4,3
5,300,ParametrizedMetaModel(multivariate_optimizer=CmaFmin2),ngopt_1,5
10,300,MetaModelOnePlusOne,2,4
10,300,ParametrizedMetaModel(multivariate_optimizer=CmaFmin2),3,5
10,300,ConfPortfolio_scale2_NA_ngopt14s_1,4,38
10,300,ChainMetaModelPowell,4,1
10,300,Cobyla,ngopt_1,2
15,300,MetaModelOnePlusOne,2,4
15,300,ParametrizedMetaModel(multivariate_optimizer=CmaFmin2),3,5
15,300,ConfPortfolio_scale2_NA_ngopt14s_1,4,38
15,300,ChainMetaModelPowell,4,1
15,300,Cobyla,ngopt_1,2
20,300,ParametrizedMetaModel(multivariate_optimizer=CmaFmin2),2,5
20,300,MetaModelOnePlusOne,3,4
20,300,CMA,4,0
20,300,ConfPortfolio_scale2_NA_ngopt14s_1,4,38
20,300,Cobyla,ngopt_1,2
25,300,ParametrizedMetaModel(multivariate_optimizer=CmaFmin2),2,5
25,300,MetaModelOnePlusOne,3,4
25,300,CMA,4,0
25,300,ConfPortfolio_scale2_NA_ngopt14s_1,4,38
25,300,Cobyla,ngopt_1,2
30,300,ParametrizedMetaModel(multivariate_optimizer=CmaFmin2),2,5
30,300,MetaModelOnePlusOne,3,4
30,300,CMA,4,0
30,300,ConfPortfolio_scale2_NA_ngopt14s_1,4,38
30,300,Cobyla,ngopt_1,2
35,300,ParametrizedMetaModel(multivariate_optimizer=CmaFmin2),2,5
35,300,MetaModelOnePlusOne,3,4
35,300,CMA,4,0
35,300,ConfPortfolio_scale2_NA_ngopt14s_1,4,38
35,300,Cobyla,ngopt_1,2
40,300,ParametrizedMetaModel(multivariate_optimizer=CmaFmin2),2,5
40,300,MetaModelOnePlusOne,3,4
40,300,CMA,4,0
40,300,ConfPortfolio_scale2_NA_ngopt14s_1,4,38
40,300,Cobyla,ngopt_1,2
45,300,ParametrizedMetaModel(multivariate_optimizer=CmaFmin2),2,5
45,300,MetaModelOnePlusOne,3,4
45,300,CMA,4,0
45,300,ConfPortfolio_scale2_NA_ngopt14s_1,4,38
45,300,Cobyla,ngopt_1,2
50,300,ParametrizedMetaModel(multivariate_optimizer=CmaFmin2),2,5
50,300,MetaModelOnePlusOne,3,4
50,300,CMA,4,0
50,300,ConfPortfolio_scale2_NA_ngopt14s_1,4,38
50,300,Cobyla,ngopt_1,2
60,300,ParametrizedMetaModel(multivariate_optimizer=CmaFmin2),2,5
60,300,MetaModelOnePlusOne,3,4
60,300,CMA,4,0
60,300,ConfPortfolio_scale2_scale=1.3_ngopt14s_16,4,23
60,300,Cobyla,ngopt_1,2
70,300,ParametrizedMetaModel(multivariate_optimizer=CmaFmin2),2,5
70,300,MetaModelOnePlusOne,3,4
70,300,CMA,4,0
70,300,ConfPortfolio_scale2_NA_ngopt14s_1,4,38
70,300,Cobyla,ngopt_1,2
80,300,ParametrizedMetaModel(multivariate_optimizer=CmaFmin2),2,5
80,300,MetaModelOnePlusOne,3,4
80,300,CMA,4,0
80,300,ConfPortfolio_scale2_NA_ngopt14s_1,4,38
80,300,Cobyla,ngopt_1,2
90,300,ParametrizedMetaModel(multivariate_optimizer=CmaFmin2),2,5
90,300,MetaModelOnePlusOne,3,4
90,300,CMA,4,0
90,300,ConfPortfolio_scale2_NA_ngopt14s_1,4,38
90,300,Cobyla,ngopt_1,2
100,300,ParametrizedMetaModel(multivariate_optimizer=CmaFmin2),2,5
100,300,MetaModelOnePlusOne,3,4
100,300,ConfPortfolio_scale2_NA_ngopt14s_6,4,12
100,300,ConfPortfolio_scale2_NA_ngopt14s_7,5,11
100,300,Cobyla,ngopt_1,2
2,500,ParametrizedMetaModel(multivariate_optimizer=CmaFmin2),1,5
2,500,ChainMetaModelPowell,2,1
2,500,MetaModel,2,3
2,500,ConfPortfolio_scale2_NA_ngopt14s_1,4,38
2,500,CMA,ngopt_4,0
3,500,ChainMetaModelPowell,2,1
3,500,MetaModel,2,3
3,500,CMA,4,0
3,500,ConfPortfolio_scale2_NA_ngopt14s_1,4,38
3,500,ParametrizedMetaModel(multivariate_optimizer=CmaFmin2),ngopt_1,5
5,500,ChainMetaModelPowell,2,1
5,500,MetaModel,2,3
5,500,MetaModelOnePlusOne,4,4
5,500,CMA,5,0
5,500,ParametrizedMetaModel(multivariate_optimizer=CmaFmin2),ngopt_1,5
10,500,MetaModelOnePlusOne,2,4
10,500,ParametrizedMetaModel(multivariate_optimizer=CmaFmin2),3,5
10,500,ConfPortfolio_scale2_NA_ngopt14s_1,4,38
10,500,ChainMetaModelPowell,4,1
10,500,Cobyla,ngopt_1,2
15,500,ParametrizedMetaModel(multivariate_optimizer=CmaFmin2),2,5
15,500,MetaModelOnePlusOne,3,4
15,500,ConfPortfolio_scale2_NA_ngopt14s_1,4,38
15,500,ChainMetaModelPowell,4,1
15,500,Cobyla,ngopt_1,2
20,500,ParametrizedMetaModel(multivariate_optimizer=CmaFmin2),2,5
20,500,MetaModelOnePlusOne,3,4
20,500,ConfPortfolio_scale2_NA_ngopt14s_1,4,38
20,500,ChainMetaModelPowell,4,1
20,500,Cobyla,ngopt_1,2
25,500,ParametrizedMetaModel(multivariate_optimizer=CmaFmin2),2,5
25,500,MetaModelOnePlusOne,3,4
25,500,CMA,4,0
25,500,ConfPortfolio_scale2_NA_ngopt14s_1,4,38
25,500,Cobyla,ngopt_1,2
30,500,ParametrizedMetaModel(multivariate_optimizer=CmaFmin2),2,5
30,500,MetaModelOnePlusOne,3,4
30,500,CMA,4,0
30,500,ConfPortfolio_scale2_NA_ngopt14s_1,4,38
30,500,Cobyla,ngopt_1,2
35,500,ParametrizedMetaModel(multivariate_optimizer=CmaFmin2),2,5
35,500,MetaModelOnePlusOne,3,4
35,500,CMA,4,0
35,500,ConfPortfolio_scale2_NA_ngopt14s_1,4,38
35,500,Cobyla,ngopt_1,2
40,500,ParametrizedMetaModel(multivariate_optimizer=CmaFmin2),2,5
40,500,MetaModelOnePlusOne,3,4
40,500,CMA,4,0
40,500,ConfPortfolio_scale2_NA_ngopt14s_1,4,38
40,500,Cobyla,ngopt_1,2
45,500,ParametrizedMetaModel(multivariate_optimizer=CmaFmin2),2,5
45,500,MetaModelOnePlusOne,3,4
45,500,CMA,4,0
45,500,ConfPortfolio_scale2_NA_ngopt14s_1,4,38
45,500,Cobyla,ngopt_1,2
50,500,ParametrizedMetaModel(multivariate_optimizer=CmaFmin2),2,5
50,500,MetaModelOnePlusOne,3,4
50,500,CMA,4,0
50,500,ConfPortfolio_scale2_NA_ngopt14s_1,4,38
50,500,Cobyla,ngopt_1,2
60,500,ParametrizedMetaModel(multivariate_optimizer=CmaFmin2),2,5
60,500,MetaModelOnePlusOne,3,4
60,500,CMA,4,0
60,500,ConfPortfolio_scale2_NA_ngopt14s_1,4,38
60,500,Cobyla,ngopt_1,2
70,500,ParametrizedMetaModel(multivariate_optimizer=CmaFmin2),2,5
70,500,MetaModelOnePlusOne,3,4
70,500,CMA,4,0
70,500,ConfPortfolio_scale2_NA_ngopt14s_1,4,38
70,500,Cobyla,ngopt_1,2
80,500,ParametrizedMetaModel(multivariate_optimizer=CmaFmin2),2,5
80,500,MetaModelOnePlusOne,3,4
80,500,CMA,4,0
80,500,ConfPortfolio_scale2_NA_ngopt14s_1,4,38
80,500,Cobyla,ngopt_1,2
90,500,ParametrizedMetaModel(multivariate_optimizer=CmaFmin2),2,5
90,500,MetaModelOnePlusOne,3,4
90,500,CMA,4,0
90,500,ConfPortfolio_scale2_NA_ngopt14s_1,4,38
90,500,Cobyla,ngopt_1,2
100,500,ParametrizedMetaModel(multivariate_optimizer=CmaFmin2),2,5
100,500,MetaModelOnePlusOne,3,4
100,500,ConfPortfolio_scale2_NA_ngopt14s_12,4,6
100,500,ConfPortfolio_scale2_NA_ngopt14s_6,5,12
100,500,Cobyla,ngopt_1,2
2,1000,ParametrizedMetaModel(multivariate_optimizer=CmaFmin2),1,5
2,1000,ChainMetaModelPowell,2,1
2,1000,MetaModel,2,3
2,1000,ConfPortfolio_scale2_NA_ngopt14s_1,4,38
2,1000,CMA,ngopt_4,0
3,1000,CMA,1,0
3,1000,ConfPortfolio_scale2_NA_ngopt14s_1,1,38
3,1000,MetaModel,3,3
3,1000,ChainMetaModelPowell,3,1
3,1000,ParametrizedMetaModel(multivariate_optimizer=CmaFmin2),ngopt_5,5
5,1000,CMA,2,0
5,1000,ConfPortfolio_scale2_NA_ngopt14s_1,2,38
5,1000,MetaModel,4,3
5,1000,ChainMetaModelPowell,4,1
5,1000,ParametrizedMetaModel(multivariate_optimizer=CmaFmin2),ngopt_1,5
10,1000,ConfPortfolio_scale2_NA_ngopt14s_1,2,38
10,1000,ChainMetaModelPowell,2,1
10,1000,MetaModel,2,3
10,1000,MetaModelOnePlusOne,5,4
10,1000,ParametrizedMetaModel(multivariate_optimizer=CmaFmin2),ngopt_1,5
15,1000,Cobyla,1,2
15,1000,MetaModelOnePlusOne,2,4
15,1000,ConfPortfolio_scale2_NA_ngopt14s_1,4,38
15,1000,ChainMetaModelPowell,4,1
15,1000,ParametrizedMetaModel(multivariate_optimizer=CmaFmin2),ngopt_3,5
20,1000,ParametrizedMetaModel(multivariate_optimizer=CmaFmin2),2,5
20,1000,MetaModelOnePlusOne,3,4
20,1000,ConfPortfolio_scale2_NA_ngopt14s_1,4,38
20,1000,ChainMetaModelPowell,4,1
20,1000,Cobyla,ngopt_1,2
25,1000,ParametrizedMetaModel(multivariate_optimizer=CmaFmin2),2,5
25,1000,MetaModelOnePlusOne,3,4
25,1000,ConfPortfolio_scale2_NA_ngopt14s_1,4,38
25,1000,ChainMetaModelPowell,4,1
25,1000,Cobyla,ngopt_1,2
30,1000,ParametrizedMetaModel(multivariate_optimizer=CmaFmin2),2,5
30,1000,MetaModelOnePlusOne,3,4
30,1000,ConfPortfolio_scale2_NA_ngopt14s_1,4,38
30,1000,ChainMetaModelPowell,4,1
30,1000,Cobyla,ngopt_1,2
35,1000,ParametrizedMetaModel(multivariate_optimizer=CmaFmin2),2,5
35,1000,MetaModelOnePlusOne,3,4
35,1000,CMA,4,0
35,1000,ConfPortfolio_scale2_NA_ngopt14s_1,4,38
35,1000,Cobyla,ngopt_1,2
40,1000,ParametrizedMetaModel(multivariate_optimizer=CmaFmin2),2,5
40,1000,MetaModelOnePlusOne,3,4
40,1000,CMA,4,0
40,1000,ConfPortfolio_scale2_NA_ngopt14s_1,4,38
40,1000,Cobyla,ngopt_1,2
45,1000,ParametrizedMetaModel(multivariate_optimizer=CmaFmin2),2,5
45,1000,MetaModelOnePlusOne,3,4
45,1000,CMA,4,0
45,1000,ConfPortfolio_scale2_NA_ngopt14s_1,4,38
45,1000,Cobyla,ngopt_1,2
50,1000,ParametrizedMetaModel(multivariate_optimizer=CmaFmin2),2,5
50,1000,MetaModelOnePlusOne,3,4
50,1000,CMA,4,0
50,1000,ConfPortfolio_scale2_NA_ngopt14s_1,4,38
50,1000,Cobyla,ngopt_1,2
60,1000,ParametrizedMetaModel(multivariate_optimizer=CmaFmin2),2,5
60,1000,MetaModelOnePlusOne,3,4
60,1000,CMA,4,0
60,1000,ConfPortfolio_scale2_NA_ngopt14s_1,4,38
60,1000,Cobyla,ngopt_1,2
70,1000,ParametrizedMetaModel(multivariate_optimizer=CmaFmin2),2,5
70,1000,MetaModelOnePlusOne,3,4
70,1000,CMA,4,0
70,1000,ConfPortfolio_scale2_NA_ngopt14s_1,4,38
70,1000,Cobyla,ngopt_1,2
80,1000,ParametrizedMetaModel(multivariate_optimizer=CmaFmin2),2,5
80,1000,MetaModelOnePlusOne,3,4
80,1000,CMA,4,0
80,1000,ConfPortfolio_scale2_NA_ngopt14s_1,4,38
80,1000,Cobyla,ngopt_1,2
90,1000,ParametrizedMetaModel(multivariate_optimizer=CmaFmin2),2,5
90,1000,MetaModelOnePlusOne,3,4
90,1000,CMA,4,0
90,1000,ConfPortfolio_scale2_NA_ngopt14s_1,4,38
90,1000,Cobyla,ngopt_1,2
100,1000,ParametrizedMetaModel(multivariate_optimizer=CmaFmin2),2,5
100,1000,MetaModelOnePlusOne,3,4
100,1000,CMA,4,0
100,1000,ConfPortfolio_scale2_NA_ngopt14s_6,4,12
100,1000,Cobyla,ngopt_1,2
2,1500,ParametrizedMetaModel(multivariate_optimizer=CmaFmin2),1,5
2,1500,ChainMetaModelPowell,2,1
2,1500,MetaModel,2,3
2,1500,CMA,4,0
2,1500,ConfPortfolio_scale2_scale=1.3_ngopt14s_4,ngopt_14,35
3,1500,CMA,1,0
3,1500,ConfPortfolio_scale2_NA_ngopt14s_1,1,38
3,1500,MetaModel,3,3
3,1500,ChainMetaModelPowell,3,1
3,1500,ParametrizedMetaModel(multivariate_optimizer=CmaFmin2),ngopt_5,5
5,1500,CMA,2,0
5,1500,ConfPortfolio_scale2_NA_ngopt14s_1,2,38
5,1500,MetaModel,4,3
5,1500,ChainMetaModelPowell,4,1
5,1500,ParametrizedMetaModel(multivariate_optimizer=CmaFmin2),ngopt_1,5
10,1500,ConfPortfolio_scale2_NA_ngopt14s_1,2,38
10,1500,ChainMetaModelPowell,2,1
10,1500,MetaModel,2,3
10,1500,CMA,5,0
10,1500,ParametrizedMetaModel(multivariate_optimizer=CmaFmin2),ngopt_1,5
15,1500,Cobyla,2,2
15,1500,ConfPortfolio_scale2_NA_ngopt14s_1,3,38
15,1500,ChainMetaModelPowell,3,1
15,1500,MetaModel,3,3
15,1500,ParametrizedMetaModel(multivariate_optimizer=CmaFmin2),ngopt_1,5
20,1500,Cobyla,2,2
20,1500,MetaModelOnePlusOne,3,4
20,1500,ConfPortfolio_scale2_NA_ngopt14s_1,4,38
20,1500,ChainMetaModelPowell,4,1
20,1500,ParametrizedMetaModel(multivariate_optimizer=CmaFmin2),ngopt_1,5
25,1500,Cobyla,1,2
25,1500,ParametrizedMetaModel(multivariate_optimizer=CmaFmin2),2,5
25,1500,MetaModelOnePlusOne,3,4
25,1500,ChainMetaModelPowell,4,1
25,1500,CMA,ngopt_7,0
30,1500,ParametrizedMetaModel(multivariate_optimizer=CmaFmin2),2,5
30,1500,MetaModelOnePlusOne,3,4
30,1500,ConfPortfolio_scale2_NA_ngopt14s_1,4,38
30,1500,ChainMetaModelPowell,4,1
30,1500,Cobyla,ngopt_1,2
35,1500,ParametrizedMetaModel(multivariate_optimizer=CmaFmin2),2,5
35,1500,MetaModelOnePlusOne,3,4
35,1500,CMA,4,0
35,1500,ConfPortfolio_scale2_NA_ngopt14s_1,4,38
35,1500,Cobyla,ngopt_1,2
40,1500,ParametrizedMetaModel(multivariate_optimizer=CmaFmin2),2,5
40,1500,MetaModelOnePlusOne,3,4
40,1500,CMA,4,0
40,1500,ConfPortfolio_scale2_NA_ngopt14s_1,4,38
40,1500,Cobyla,ngopt_1,2
45,1500,ParametrizedMetaModel(multivariate_optimizer=CmaFmin2),2,5
45,1500,MetaModelOnePlusOne,3,4
45,1500,CMA,4,0
45,1500,ConfPortfolio_scale2_NA_ngopt14s_1,4,38
45,1500,Cobyla,ngopt_1,2
50,1500,ParametrizedMetaModel(multivariate_optimizer=CmaFmin2),2,5
50,1500,MetaModelOnePlusOne,3,4
50,1500,CMA,4,0
50,1500,ConfPortfolio_scale2_NA_ngopt14s_1,4,38
50,1500,Cobyla,ngopt_1,2
60,1500,ParametrizedMetaModel(multivariate_optimizer=CmaFmin2),2,5
60,1500,MetaModelOnePlusOne,3,4
60,1500,CMA,4,0
60,1500,ConfPortfolio_scale2_NA_ngopt14s_1,4,38
60,1500,Cobyla,ngopt_1,2
70,1500,ParametrizedMetaModel(multivariate_optimizer=CmaFmin2),2,5
70,1500,MetaModelOnePlusOne,3,4
70,1500,CMA,4,0
70,1500,ConfPortfolio_scale2_NA_ngopt14s_1,4,38
70,1500,Cobyla,ngopt_1,2
80,1500,ParametrizedMetaModel(multivariate_optimizer=CmaFmin2),2,5
80,1500,MetaModelOnePlusOne,3,4
80,1500,CMA,4,0
80,1500,ConfPortfolio_scale2_NA_ngopt14s_1,4,38
80,1500,Cobyla,ngopt_1,2
90,1500,ParametrizedMetaModel(multivariate_optimizer=CmaFmin2),2,5
90,1500,MetaModelOnePlusOne,3,4
90,1500,CMA,4,0
90,1500,ConfPortfolio_scale2_NA_ngopt14s_1,4,38
90,1500,Cobyla,ngopt_1,2
100,1500,ParametrizedMetaModel(multivariate_optimizer=CmaFmin2),2,5
100,1500,MetaModelOnePlusOne,3,4
100,1500,CMA,4,0
100,1500,ConfPortfolio_scale2_NA_ngopt14s_1,4,38
100,1500,Cobyla,ngopt_1,2
2,2000,ParametrizedMetaModel(multivariate_optimizer=CmaFmin2),1,5
2,2000,ChainMetaModelPowell,2,1
2,2000,MetaModel,2,3
2,2000,CMA,4,0
2,2000,ConfPortfolio_scale2_scale=1.3_ngopt14s_5,ngopt_14,34
3,2000,ChainMetaModelPowell,1,1
3,2000,MetaModel,1,3
3,2000,CMA,3,0
3,2000,ConfPortfolio_scale2_NA_ngopt14s_1,3,38
3,2000,ConfPortfolio_scale2_scale=1.3_ngopt14s_3,ngopt_7,36
5,2000,CMA,1,0
5,2000,ConfPortfolio_scale2_NA_ngopt14s_1,1,38
5,2000,MetaModel,3,3
5,2000,ChainMetaModelPowell,3,1
5,2000,ParametrizedMetaModel(multivariate_optimizer=CmaFmin2),ngopt_5,5
10,2000,CMA,2,0
10,2000,MetaModel,3,3
10,2000,ConfPortfolio_scale2_NA_ngopt14s_1,3,38
10,2000,ChainMetaModelPowell,3,1
10,2000,ParametrizedMetaModel(multivariate_optimizer=CmaFmin2),ngopt_1,5
15,2000,ConfPortfolio_scale2_NA_ngopt14s_1,2,38
15,2000,ChainMetaModelPowell,2,1
15,2000,MetaModel,2,3
15,2000,CMA,5,0
15,2000,ParametrizedMetaModel(multivariate_optimizer=CmaFmin2),ngopt_1,5
20,2000,Cobyla,2,2
20,2000,ConfPortfolio_scale2_NA_ngopt14s_1,3,38
20,2000,ChainMetaModelPowell,3,1
20,2000,MetaModel,3,3
20,2000,ParametrizedMetaModel(multivariate_optimizer=CmaFmin2),ngopt_1,5
25,2000,ParametrizedMetaModel(multivariate_optimizer=CmaFmin2),1,5
25,2000,Cobyla,2,2
25,2000,MetaModelOnePlusOne,3,4
25,2000,ChainMetaModelPowell,4,1
25,2000,CMA,ngopt_7,0
30,2000,ParametrizedMetaModel(multivariate_optimizer=CmaFmin2),1,5
30,2000,Cobyla,2,2
30,2000,MetaModelOnePlusOne,3,4
30,2000,ChainMetaModelPowell,4,1
30,2000,CMA,ngopt_7,0
35,2000,Cobyla,1,2
35,2000,ParametrizedMetaModel(multivariate_optimizer=CmaFmin2),2,5
35,2000,ConfPortfolio_scale2_NA_ngopt14s_1,4,38
35,2000,ChainMetaModelPowell,4,1
35,2000,MetaModelOnePlusOne,ngopt_3,4
40,2000,ParametrizedMetaModel(multivariate_optimizer=CmaFmin2),2,5
40,2000,MetaModelOnePlusOne,3,4
40,2000,CMA,4,0
40,2000,ConfPortfolio_scale2_NA_ngopt14s_1,4,38
40,2000,Cobyla,ngopt_1,2
45,2000,ParametrizedMetaModel(multivariate_optimizer=CmaFmin2),2,5
45,2000,MetaModelOnePlusOne,3,4
45,2000,CMA,4,0
45,2000,ConfPortfolio_scale2_NA_ngopt14s_1,4,38
45,2000,Cobyla,ngopt_1,2
50,2000,ParametrizedMetaModel(multivariate_optimizer=CmaFmin2),2,5
50,2000,MetaModelOnePlusOne,3,4
50,2000,CMA,4,0
50,2000,ConfPortfolio_scale2_NA_ngopt14s_1,4,38
50,2000,Cobyla,ngopt_1,2
60,2000,ParametrizedMetaModel(multivariate_optimizer=CmaFmin2),2,5
60,2000,MetaModelOnePlusOne,3,4
60,2000,CMA,4,0
60,2000,ConfPortfolio_scale2_NA_ngopt14s_1,4,38
60,2000,Cobyla,ngopt_1,2
70,2000,ParametrizedMetaModel(multivariate_optimizer=CmaFmin2),2,5
70,2000,MetaModelOnePlusOne,3,4
70,2000,CMA,4,0
70,2000,ConfPortfolio_scale2_NA_ngopt14s_1,4,38
70,2000,Cobyla,ngopt_1,2
80,2000,ParametrizedMetaModel(multivariate_optimizer=CmaFmin2),2,5
80,2000,MetaModelOnePlusOne,3,4
80,2000,CMA,4,0
80,2000,ConfPortfolio_scale2_NA_ngopt14s_1,4,38
80,2000,Cobyla,ngopt_1,2
90,2000,ParametrizedMetaModel(multivariate_optimizer=CmaFmin2),2,5
90,2000,MetaModelOnePlusOne,3,4
90,2000,CMA,4,0
90,2000,ConfPortfolio_scale2_NA_ngopt14s_1,4,38
90,2000,Cobyla,ngopt_1,2
100,2000,ParametrizedMetaModel(multivariate_optimizer=CmaFmin2),2,5
100,2000,MetaModelOnePlusOne,3,4
100,2000,CMA,4,0
100,2000,ConfPortfolio_scale2_NA_ngopt14s_1,4,38
100,2000,Cobyla,ngopt_1,2
2,2500,ParametrizedMetaModel(multivariate_optimizer=CmaFmin2),1,5
2,2500,ChainMetaModelPowell,2,1
2,2500,MetaModel,2,3
2,2500,CMA,4,0
2,2500,ConfPortfolio_scale2_scale=1.3_ngopt14s_6,ngopt_16,33
3,2500,ChainMetaModelPowell,1,1
3,2500,MetaModel,1,3
3,2500,CMA,3,0
3,2500,ConfPortfolio_scale2_NA_ngopt14s_1,3,38
3,2500,ConfPortfolio_scale2_scale=1.3_ngopt14s_4,ngopt_8,35
5,2500,CMA,1,0
5,2500,ConfPortfolio_scale2_NA_ngopt14s_1,1,38
5,2500,MetaModel,3,3
5,2500,ChainMetaModelPowell,3,1
5,2500,ParametrizedMetaModel(multivariate_optimizer=CmaFmin2),ngopt_5,5
10,2500,CMA,2,0
10,2500,MetaModel,3,3
10,2500,ConfPortfolio_scale2_NA_ngopt14s_1,3,38
10,2500,ChainMetaModelPowell,3,1
10,2500,ParametrizedMetaModel(multivariate_optimizer=CmaFmin2),ngopt_1,5
15,2500,ConfPortfolio_scale2_NA_ngopt14s_1,2,38
15,2500,ChainMetaModelPowell,2,1
15,2500,MetaModel,2,3
15,2500,CMA,5,0
15,2500,ParametrizedMetaModel(multivariate_optimizer=CmaFmin2),ngopt_1,5
20,2500,ConfPortfolio_scale2_NA_ngopt14s_1,2,38
20,2500,ChainMetaModelPowell,2,1
20,2500,MetaModel,2,3
20,2500,Cobyla,5,2
20,2500,ParametrizedMetaModel(multivariate_optimizer=CmaFmin2),ngopt_1,5
25,2500,ParametrizedMetaModel(multivariate_optimizer=CmaFmin2),1,5
25,2500,Cobyla,2,2
25,2500,MetaModelOnePlusOne,3,4
25,2500,ChainMetaModelPowell,4,1
25,2500,CMA,ngopt_7,0
30,2500,ParametrizedMetaModel(multivariate_optimizer=CmaFmin2),1,5
30,2500,Cobyla,2,2
30,2500,MetaModelOnePlusOne,3,4
30,2500,ChainMetaModelPowell,4,1
30,2500,CMA,ngopt_7,0
35,2500,Cobyla,1,2
35,2500,ParametrizedMetaModel(multivariate_optimizer=CmaFmin2),2,5
35,2500,MetaModelOnePlusOne,3,4
35,2500,ChainMetaModelPowell,4,1
35,2500,CMA,ngopt_7,0
40,2500,Cobyla,1,2
40,2500,ParametrizedMetaModel(multivariate_optimizer=CmaFmin2),2,5
40,2500,CMA,4,0
40,2500,ConfPortfolio_scale2_NA_ngopt14s_1,4,38
40,2500,MetaModelOnePlusOne,ngopt_3,4
45,2500,Cobyla,1,2
45,2500,ParametrizedMetaModel(multivariate_optimizer=CmaFmin2),2,5
45,2500,CMA,4,0
45,2500,ConfPortfolio_scale2_NA_ngopt14s_1,4,38
45,2500,MetaModelOnePlusOne,ngopt_3,4
50,2500,ParametrizedMetaModel(multivariate_optimizer=CmaFmin2),2,5
50,2500,MetaModelOnePlusOne,3,4
50,2500,CMA,4,0
50,2500,ConfPortfolio_scale2_NA_ngopt14s_1,4,38
50,2500,Cobyla,ngopt_1,2
60,2500,ParametrizedMetaModel(multivariate_optimizer=CmaFmin2),2,5
60,2500,MetaModelOnePlusOne,3,4
60,2500,CMA,4,0
60,2500,ConfPortfolio_scale2_NA_ngopt14s_1,4,38
60,2500,Cobyla,ngopt_1,2
70,2500,ParametrizedMetaModel(multivariate_optimizer=CmaFmin2),2,5
70,2500,MetaModelOnePlusOne,3,4
70,2500,CMA,4,0
70,2500,ConfPortfolio_scale2_NA_ngopt14s_1,4,38
70,2500,Cobyla,ngopt_1,2
80,2500,ParametrizedMetaModel(multivariate_optimizer=CmaFmin2),2,5
80,2500,MetaModelOnePlusOne,3,4
80,2500,CMA,4,0
80,2500,ConfPortfolio_scale2_NA_ngopt14s_1,4,38
80,2500,Cobyla,ngopt_1,2
90,2500,ParametrizedMetaModel(multivariate_optimizer=CmaFmin2),2,5
90,2500,MetaModelOnePlusOne,3,4
90,2500,CMA,4,0
90,2500,ConfPortfolio_scale2_NA_ngopt14s_1,4,38
90,2500,Cobyla,ngopt_1,2
100,2500,ParametrizedMetaModel(multivariate_optimizer=CmaFmin2),2,5
100,2500,CMA,3,0
100,2500,ConfPortfolio_scale2_NA_ngopt14s_1,3,38
100,2500,ChainMetaModelPowell,3,1
100,2500,Cobyla,ngopt_1,2
2,3000,ParametrizedMetaModel(multivariate_optimizer=CmaFmin2),1,5
2,3000,ChainMetaModelPowell,2,1
2,3000,MetaModel,2,3
2,3000,CMA,4,0
2,3000,ConfPortfolio_scale2_scale=1.3_ngopt14s_7,ngopt_18,32
3,3000,ChainMetaModelPowell,1,1
3,3000,MetaModel,1,3
3,3000,CMA,3,0
3,3000,ParametrizedMetaModel(multivariate_optimizer=CmaFmin2),3,5
3,3000,ConfPortfolio_scale2_scale=1.3_ngopt14s_5,ngopt_9,34
5,3000,CMA,1,0
5,3000,ConfPortfolio_scale2_NA_ngopt14s_1,1,38
5,3000,MetaModel,3,3
5,3000,ChainMetaModelPowell,3,1
5,3000,ConfPortfolio_scale2_NA_ngopt14s_7,ngopt_21,11
10,3000,CMA,2,0
10,3000,MetaModel,3,3
10,3000,ConfPortfolio_scale2_NA_ngopt14s_1,3,38
10,3000,ChainMetaModelPowell,3,1
10,3000,ParametrizedMetaModel(multivariate_optimizer=CmaFmin2),ngopt_1,5
15,3000,CMA,1,0
15,3000,MetaModel,3,3
15,3000,ConfPortfolio_scale2_NA_ngopt14s_1,3,38
15,3000,ChainMetaModelPowell,3,1
15,3000,ParametrizedMetaModel(multivariate_optimizer=CmaFmin2),ngopt_2,5
20,3000,ConfPortfolio_scale2_NA_ngopt14s_1,2,38
20,3000,ChainMetaModelPowell,2,1
20,3000,MetaModel,2,3
20,3000,CMA,5,0
20,3000,ParametrizedMetaModel(multivariate_optimizer=CmaFmin2),ngopt_1,5
25,3000,ParametrizedMetaModel(multivariate_optimizer=CmaFmin2),1,5
25,3000,ChainMetaModelPowell,2,1
25,3000,ConfPortfolio_scale2_NA_ngopt14s_1,2,38
25,3000,MetaModel,2,3
25,3000,CMA,ngopt_7,0
30,3000,ParametrizedMetaModel(multivariate_optimizer=CmaFmin2),1,5
30,3000,Cobyla,2,2
30,3000,MetaModelOnePlusOne,3,4
30,3000,ChainMetaModelPowell,4,1
30,3000,CMA,ngopt_7,0
35,3000,ParametrizedMetaModel(multivariate_optimizer=CmaFmin2),1,5
35,3000,Cobyla,2,2
35,3000,MetaModelOnePlusOne,3,4
35,3000,ChainMetaModelPowell,4,1
35,3000,CMA,ngopt_7,0
40,3000,Cobyla,1,2
40,3000,ParametrizedMetaModel(multivariate_optimizer=CmaFmin2),2,5
40,3000,CMA,4,0
40,3000,ConfPortfolio_scale2_NA_ngopt14s_1,4,38
40,3000,MetaModelOnePlusOne,ngopt_3,4
45,3000,Cobyla,1,2
45,3000,ParametrizedMetaModel(multivariate_optimizer=CmaFmin2),2,5
45,3000,CMA,4,0
45,3000,ConfPortfolio_scale2_NA_ngopt14s_1,4,38
45,3000,MetaModelOnePlusOne,ngopt_3,4
50,3000,Cobyla,1,2
50,3000,ParametrizedMetaModel(multivariate_optimizer=CmaFmin2),2,5
50,3000,CMA,4,0
50,3000,ConfPortfolio_scale2_NA_ngopt14s_1,4,38
50,3000,MetaModelOnePlusOne,ngopt_3,4
60,3000,ParametrizedMetaModel(multivariate_optimizer=CmaFmin2),2,5
60,3000,MetaModelOnePlusOne,3,4
60,3000,CMA,4,0
60,3000,ConfPortfolio_scale2_NA_ngopt14s_1,4,38
60,3000,Cobyla,ngopt_1,2
70,3000,ParametrizedMetaModel(multivariate_optimizer=CmaFmin2),2,5
70,3000,MetaModelOnePlusOne,3,4
70,3000,CMA,4,0
70,3000,ConfPortfolio_scale2_NA_ngopt14s_1,4,38
70,3000,Cobyla,ngopt_1,2
80,3000,ParametrizedMetaModel(multivariate_optimizer=CmaFmin2),2,5
80,3000,MetaModelOnePlusOne,3,4
80,3000,CMA,4,0
80,3000,ConfPortfolio_scale2_NA_ngopt14s_1,4,38
80,3000,Cobyla,ngopt_1,2
90,3000,ParametrizedMetaModel(multivariate_optimizer=CmaFmin2),2,5
90,3000,MetaModelOnePlusOne,3,4
90,3000,CMA,4,0
90,3000,ConfPortfolio_scale2_NA_ngopt14s_1,4,38
90,3000,Cobyla,ngopt_1,2
100,3000,ParametrizedMetaModel(multivariate_optimizer=CmaFmin2),2,5
100,3000,CMA,3,0
100,3000,ConfPortfolio_scale2_NA_ngopt14s_1,3,38
100,3000,ChainMetaModelPowell,3,1
100,3000,Cobyla,ngopt_1,2
2,3500,ParametrizedMetaModel(multivariate_optimizer=CmaFmin2),1,5
2,3500,ChainMetaModelPowell,2,1
2,3500,MetaModel,2,3
2,3500,CMA,4,0
2,3500,ConfPortfolio_scale2_scale=1.3_ngopt14s_8,ngopt_19,31
3,3500,ChainMetaModelPowell,1,1
3,3500,MetaModel,1,3
3,3500,CMA,3,0
3,3500,ConfPortfolio_scale2_NA_ngopt14s_1,3,38
3,3500,ConfPortfolio_scale2_scale=1.3_ngopt14s_5,ngopt_8,34
5,3500,CMA,1,0
5,3500,ConfPortfolio_scale2_NA_ngopt14s_1,1,38
5,3500,MetaModel,3,3
5,3500,ChainMetaModelPowell,3,1
5,3500,ConfPortfolio_scale2_NA_ngopt14s_7,ngopt_22,11
10,3500,CMA,1,0
10,3500,MetaModel,3,3
10,3500,ConfPortfolio_scale2_NA_ngopt14s_1,3,38
10,3500,ChainMetaModelPowell,3,1
10,3500,ParametrizedMetaModel(multivariate_optimizer=CmaFmin2),ngopt_1,5
15,3500,CMA,2,0
15,3500,MetaModel,3,3
15,3500,ConfPortfolio_scale2_NA_ngopt14s_1,3,38
15,3500,ChainMetaModelPowell,3,1
15,3500,ParametrizedMetaModel(multivariate_optimizer=CmaFmin2),ngopt_1,5
20,3500,ConfPortfolio_scale2_NA_ngopt14s_1,2,38
20,3500,ChainMetaModelPowell,2,1
20,3500,MetaModel,2,3
20,3500,CMA,5,0
20,3500,ParametrizedMetaModel(multivariate_optimizer=CmaFmin2),ngopt_1,5
25,3500,ParametrizedMetaModel(multivariate_optimizer=CmaFmin2),1,5
25,3500,ChainMetaModelPowell,2,1
25,3500,ConfPortfolio_scale2_NA_ngopt14s_1,2,38
25,3500,MetaModel,4,3
25,3500,CMA,ngopt_5,0
30,3500,ParametrizedMetaModel(multivariate_optimizer=CmaFmin2),1,5
30,3500,Cobyla,2,2
30,3500,ChainMetaModelPowell,3,1
30,3500,ConfPortfolio_scale2_NA_ngopt14s_1,3,38
30,3500,CMA,ngopt_7,0
35,3500,ParametrizedMetaModel(multivariate_optimizer=CmaFmin2),1,5
35,3500,Cobyla,2,2
35,3500,ChainMetaModelPowell,3,1
35,3500,ConfPortfolio_scale2_NA_ngopt14s_1,3,38
35,3500,CMA,ngopt_7,0
40,3500,Cobyla,1,2
40,3500,ParametrizedMetaModel(multivariate_optimizer=CmaFmin2),2,5
40,3500,MetaModelOnePlusOne,3,4
40,3500,ChainMetaModelPowell,4,1
40,3500,CMA,ngopt_4,0
45,3500,Cobyla,1,2
45,3500,ParametrizedMetaModel(multivariate_optimizer=CmaFmin2),2,5
45,3500,CMA,3,0
45,3500,ConfPortfolio_scale2_NA_ngopt14s_1,3,38
45,3500,MetaModelOnePlusOne,ngopt_3,4
50,3500,Cobyla,1,2
50,3500,ParametrizedMetaModel(multivariate_optimizer=CmaFmin2),2,5
50,3500,CMA,3,0
50,3500,ConfPortfolio_scale2_NA_ngopt14s_1,3,38
50,3500,MetaModelOnePlusOne,ngopt_7,4
60,3500,Cobyla,1,2
60,3500,ParametrizedMetaModel(multivariate_optimizer=CmaFmin2),2,5
60,3500,CMA,4,0
60,3500,ConfPortfolio_scale2_NA_ngopt14s_1,4,38
60,3500,MetaModelOnePlusOne,ngopt_3,4
70,3500,ParametrizedMetaModel(multivariate_optimizer=CmaFmin2),2,5
70,3500,CMA,3,0
70,3500,ConfPortfolio_scale2_NA_ngopt14s_1,3,38
70,3500,ChainMetaModelPowell,3,1
70,3500,Cobyla,ngopt_1,2
80,3500,ParametrizedMetaModel(multivariate_optimizer=CmaFmin2),2,5
80,3500,MetaModelOnePlusOne,3,4
80,3500,CMA,4,0
80,3500,ConfPortfolio_scale2_NA_ngopt14s_1,4,38
80,3500,Cobyla,ngopt_1,2
90,3500,ParametrizedMetaModel(multivariate_optimizer=CmaFmin2),2,5
90,3500,MetaModelOnePlusOne,3,4
90,3500,CMA,4,0
90,3500,ConfPortfolio_scale2_NA_ngopt14s_1,4,38
90,3500,Cobyla,ngopt_1,2
100,3500,ParametrizedMetaModel(multivariate_optimizer=CmaFmin2),2,5
100,3500,CMA,3,0
100,3500,ConfPortfolio_scale2_NA_ngopt14s_1,3,38
100,3500,ChainMetaModelPowell,3,1
100,3500,Cobyla,ngopt_1,2
2,4000,ParametrizedMetaModel(multivariate_optimizer=CmaFmin2),1,5
2,4000,ChainMetaModelPowell,2,1
2,4000,MetaModel,2,3
2,4000,CMA,4,0
2,4000,ConfPortfolio_scale2_scale=1.3_ngopt14s_9,ngopt_22,30
3,4000,ChainMetaModelPowell,1,1
3,4000,MetaModel,1,3
3,4000,CMA,3,0
3,4000,ConfPortfolio_scale2_NA_ngopt14s_1,3,38
3,4000,ConfPortfolio_scale2_scale=1.3_ngopt14s_6,ngopt_12,33
5,4000,CMA,1,0
5,4000,ConfPortfolio_scale2_NA_ngopt14s_1,1,38
5,4000,MetaModel,3,3
5,4000,ChainMetaModelPowell,3,1
5,4000,ConfPortfolio_scale2_NA_ngopt14s_8,ngopt_25,10
10,4000,CMA,1,0
10,4000,MetaModel,3,3
10,4000,ConfPortfolio_scale2_NA_ngopt14s_1,3,38
10,4000,ChainMetaModelPowell,3,1
10,4000,ParametrizedMetaModel(multivariate_optimizer=CmaFmin2),ngopt_2,5
15,4000,CMA,1,0
15,4000,MetaModel,3,3
15,4000,ConfPortfolio_scale2_NA_ngopt14s_1,3,38
15,4000,ChainMetaModelPowell,3,1
15,4000,ParametrizedMetaModel(multivariate_optimizer=CmaFmin2),ngopt_2,5
20,4000,CMA,2,0
20,4000,MetaModel,2,3
20,4000,ConfPortfolio_scale2_NA_ngopt14s_1,2,38
20,4000,ChainMetaModelPowell,2,1
20,4000,ParametrizedMetaModel(multivariate_optimizer=CmaFmin2),ngopt_1,5
25,4000,ParametrizedMetaModel(multivariate_optimizer=CmaFmin2),1,5
25,4000,ChainMetaModelPowell,2,1
25,4000,ConfPortfolio_scale2_NA_ngopt14s_1,2,38
25,4000,MetaModel,4,3
25,4000,CMA,ngopt_5,0
30,4000,ParametrizedMetaModel(multivariate_optimizer=CmaFmin2),1,5
30,4000,ChainMetaModelPowell,2,1
30,4000,ConfPortfolio_scale2_NA_ngopt14s_1,2,38
30,4000,MetaModel,2,3
30,4000,CMA,ngopt_6,0
35,4000,ParametrizedMetaModel(multivariate_optimizer=CmaFmin2),1,5
35,4000,Cobyla,2,2
35,4000,ChainMetaModelPowell,3,1
35,4000,ConfPortfolio_scale2_NA_ngopt14s_1,3,38
35,4000,CMA,ngopt_7,0
40,4000,ParametrizedMetaModel(multivariate_optimizer=CmaFmin2),1,5
40,4000,Cobyla,2,2
40,4000,MetaModelOnePlusOne,3,4
40,4000,ChainMetaModelPowell,4,1
40,4000,CMA,ngopt_4,0
45,4000,Cobyla,1,2
45,4000,ParametrizedMetaModel(multivariate_optimizer=CmaFmin2),2,5
45,4000,CMA,3,0
45,4000,ConfPortfolio_scale2_NA_ngopt14s_1,3,38
45,4000,MetaModelOnePlusOne,ngopt_7,4
50,4000,Cobyla,1,2
50,4000,ParametrizedMetaModel(multivariate_optimizer=CmaFmin2),2,5
50,4000,CMA,3,0
50,4000,ConfPortfolio_scale2_NA_ngopt14s_1,3,38
50,4000,MetaModelOnePlusOne,ngopt_7,4
60,4000,Cobyla,1,2
60,4000,ParametrizedMetaModel(multivariate_optimizer=CmaFmin2),2,5
60,4000,CMA,4,0
60,4000,ConfPortfolio_scale2_NA_ngopt14s_1,4,38
60,4000,MetaModelOnePlusOne,ngopt_3,4
70,4000,Cobyla,1,2
70,4000,ParametrizedMetaModel(multivariate_optimizer=CmaFmin2),2,5
70,4000,CMA,3,0
70,4000,ConfPortfolio_scale2_NA_ngopt14s_1,3,38
70,4000,MetaModelOnePlusOne,ngopt_7,4
80,4000,ParametrizedMetaModel(multivariate_optimizer=CmaFmin2),2,5
80,4000,MetaModelOnePlusOne,3,4
80,4000,CMA,4,0
80,4000,ConfPortfolio_scale2_NA_ngopt14s_1,4,38
80,4000,Cobyla,ngopt_1,2
90,4000,ParametrizedMetaModel(multivariate_optimizer=CmaFmin2),2,5
90,4000,CMA,3,0
90,4000,ConfPortfolio_scale2_NA_ngopt14s_1,3,38
90,4000,ChainMetaModelPowell,3,1
90,4000,Cobyla,ngopt_1,2
100,4000,ParametrizedMetaModel(multivariate_optimizer=CmaFmin2),2,5
100,4000,CMA,3,0
100,4000,ConfPortfolio_scale2_NA_ngopt14s_1,3,38
100,4000,ChainMetaModelPowell,3,1
100,4000,Cobyla,ngopt_1,2
2,4500,ParametrizedMetaModel(multivariate_optimizer=CmaFmin2),1,5
2,4500,ChainMetaModelPowell,2,1
2,4500,MetaModel,2,3
2,4500,CMA,4,0
2,4500,ConfPortfolio_scale2_scale=1.3_ngopt14s_10,ngopt_23,29
3,4500,ChainMetaModelPowell,1,1
3,4500,MetaModel,1,3
3,4500,CMA,3,0
3,4500,ConfPortfolio_scale2_NA_ngopt14s_1,3,38
3,4500,ConfPortfolio_scale2_scale=1.3_ngopt14s_7,ngopt_16,32
5,4500,CMA,1,0
5,4500,ConfPortfolio_scale2_NA_ngopt14s_1,1,38
5,4500,MetaModel,3,3
5,4500,ChainMetaModelPowell,3,1
5,4500,ConfPortfolio_scale2_NA_ngopt14s_8,ngopt_23,10
10,4500,CMA,1,0
10,4500,MetaModel,3,3
10,4500,ConfPortfolio_scale2_NA_ngopt14s_1,3,38
10,4500,ChainMetaModelPowell,3,1
10,4500,ParametrizedMetaModel(multivariate_optimizer=CmaFmin2),ngopt_2,5
15,4500,CMA,2,0
15,4500,MetaModel,3,3
15,4500,ConfPortfolio_scale2_NA_ngopt14s_1,3,38
15,4500,ChainMetaModelPowell,3,1
15,4500,ParametrizedMetaModel(multivariate_optimizer=CmaFmin2),ngopt_1,5
20,4500,CMA,2,0
20,4500,MetaModel,3,3
20,4500,ConfPortfolio_scale2_NA_ngopt14s_1,3,38
20,4500,ChainMetaModelPowell,3,1
20,4500,ParametrizedMetaModel(multivariate_optimizer=CmaFmin2),ngopt_1,5
25,4500,ParametrizedMetaModel(multivariate_optimizer=CmaFmin2),1,5
25,4500,ChainMetaModelPowell,2,1
25,4500,ConfPortfolio_scale2_NA_ngopt14s_1,2,38
25,4500,MetaModel,2,3
25,4500,CMA,ngopt_5,0
30,4500,ParametrizedMetaModel(multivariate_optimizer=CmaFmin2),1,5
30,4500,ChainMetaModelPowell,2,1
30,4500,ConfPortfolio_scale2_NA_ngopt14s_1,2,38
30,4500,MetaModel,2,3
30,4500,CMA,ngopt_5,0
35,4500,ParametrizedMetaModel(multivariate_optimizer=CmaFmin2),1,5
35,4500,Cobyla,2,2
35,4500,ChainMetaModelPowell,3,1
35,4500,ConfPortfolio_scale2_NA_ngopt14s_1,3,38
35,4500,CMA,ngopt_7,0
40,4500,ParametrizedMetaModel(multivariate_optimizer=CmaFmin2),1,5
40,4500,Cobyla,2,2
40,4500,ChainMetaModelPowell,3,1
40,4500,ConfPortfolio_scale2_NA_ngopt14s_1,3,38
40,4500,CMA,ngopt_3,0
45,4500,Cobyla,1,2
45,4500,ParametrizedMetaModel(multivariate_optimizer=CmaFmin2),2,5
45,4500,ChainMetaModelPowell,3,1
45,4500,ConfPortfolio_scale2_NA_ngopt14s_1,3,38
45,4500,CMA,ngopt_3,0
50,4500,Cobyla,1,2
50,4500,ParametrizedMetaModel(multivariate_optimizer=CmaFmin2),2,5
50,4500,CMA,3,0
50,4500,ConfPortfolio_scale2_NA_ngopt14s_1,3,38
50,4500,MetaModelOnePlusOne,ngopt_7,4
60,4500,Cobyla,1,2
60,4500,ParametrizedMetaModel(multivariate_optimizer=CmaFmin2),2,5
60,4500,CMA,4,0
60,4500,ConfPortfolio_scale2_NA_ngopt14s_1,4,38
60,4500,MetaModelOnePlusOne,ngopt_3,4
70,4500,Cobyla,1,2
70,4500,ParametrizedMetaModel(multivariate_optimizer=CmaFmin2),2,5
70,4500,CMA,3,0
70,4500,ConfPortfolio_scale2_NA_ngopt14s_1,3,38
70,4500,MetaModelOnePlusOne,ngopt_7,4
80,4500,Cobyla,1,2
80,4500,ParametrizedMetaModel(multivariate_optimizer=CmaFmin2),2,5
80,4500,CMA,4,0
80,4500,ConfPortfolio_scale2_NA_ngopt14s_1,4,38
80,4500,MetaModelOnePlusOne,ngopt_3,4
90,4500,ParametrizedMetaModel(multivariate_optimizer=CmaFmin2),2,5
90,4500,CMA,3,0
90,4500,ConfPortfolio_scale2_NA_ngopt14s_1,3,38
90,4500,ChainMetaModelPowell,3,1
90,4500,Cobyla,ngopt_1,2
100,4500,ParametrizedMetaModel(multivariate_optimizer=CmaFmin2),2,5
100,4500,CMA,3,0
100,4500,ConfPortfolio_scale2_NA_ngopt14s_1,3,38
100,4500,ChainMetaModelPowell,3,1
100,4500,Cobyla,ngopt_1,2
2,5000,ParametrizedMetaModel(multivariate_optimizer=CmaFmin2),1,5
2,5000,ChainMetaModelPowell,2,1
2,5000,MetaModel,2,3
2,5000,CMA,4,0
2,5000,ConfPortfolio_scale2_scale=1.3_ngopt14s_11,ngopt_26,28
3,5000,ChainMetaModelPowell,1,1
3,5000,MetaModel,1,3
3,5000,ParametrizedMetaModel(multivariate_optimizer=CmaFmin2),3,5
3,5000,CMA,4,0
3,5000,ConfPortfolio_scale2_scale=1.3_ngopt14s_7,ngopt_13,32
5,5000,CMA,1,0
5,5000,ConfPortfolio_scale2_NA_ngopt14s_1,1,38
5,5000,MetaModel,3,3
5,5000,ChainMetaModelPowell,3,1
5,5000,ConfPortfolio_scale2_NA_ngopt14s_9,ngopt_26,9
10,5000,CMA,1,0
10,5000,MetaModel,2,3
10,5000,ConfPortfolio_scale2_NA_ngopt14s_1,2,38
10,5000,ChainMetaModelPowell,2,1
10,5000,ParametrizedMetaModel(multivariate_optimizer=CmaFmin2),ngopt_5,5
15,5000,CMA,2,0
15,5000,MetaModel,3,3
15,5000,ConfPortfolio_scale2_NA_ngopt14s_1,3,38
15,5000,ChainMetaModelPowell,3,1
15,5000,ParametrizedMetaModel(multivariate_optimizer=CmaFmin2),ngopt_1,5
20,5000,CMA,2,0
20,5000,MetaModel,2,3
20,5000,ConfPortfolio_scale2_NA_ngopt14s_1,2,38
20,5000,ChainMetaModelPowell,2,1
20,5000,ParametrizedMetaModel(multivariate_optimizer=CmaFmin2),ngopt_1,5
25,5000,ParametrizedMetaModel(multivariate_optimizer=CmaFmin2),1,5
25,5000,ChainMetaModelPowell,3,1
25,5000,ConfPortfolio_scale2_NA_ngopt14s_1,3,38
25,5000,MetaModel,3,3
25,5000,CMA,ngopt_2,0
30,5000,ParametrizedMetaModel(multivariate_optimizer=CmaFmin2),1,5
30,5000,ChainMetaModelPowell,2,1
30,5000,ConfPortfolio_scale2_NA_ngopt14s_1,2,38
30,5000,MetaModel,2,3
30,5000,CMA,ngopt_5,0
35,5000,ParametrizedMetaModel(multivariate_optimizer=CmaFmin2),1,5
35,5000,ChainMetaModelPowell,2,1
35,5000,ConfPortfolio_scale2_NA_ngopt14s_1,2,38
35,5000,MetaModel,2,3
35,5000,CMA,ngopt_6,0
40,5000,ParametrizedMetaModel(multivariate_optimizer=CmaFmin2),1,5
40,5000,Cobyla,2,2
40,5000,ChainMetaModelPowell,3,1
40,5000,ConfPortfolio_scale2_NA_ngopt14s_1,3,38
40,5000,CMA,ngopt_3,0
45,5000,ParametrizedMetaModel(multivariate_optimizer=CmaFmin2),1,5
45,5000,Cobyla,2,2
45,5000,ChainMetaModelPowell,3,1
45,5000,ConfPortfolio_scale2_NA_ngopt14s_1,3,38
45,5000,CMA,ngopt_3,0
50,5000,Cobyla,1,2
50,5000,ParametrizedMetaModel(multivariate_optimizer=CmaFmin2),2,5
50,5000,ChainMetaModelPowell,3,1
50,5000,ConfPortfolio_scale2_NA_ngopt14s_1,3,38
50,5000,CMA,ngopt_3,0
60,5000,Cobyla,1,2
60,5000,ParametrizedMetaModel(multivariate_optimizer=CmaFmin2),2,5
60,5000,CMA,3,0
60,5000,ConfPortfolio_scale2_NA_ngopt14s_1,3,38
60,5000,MetaModelOnePlusOne,ngopt_7,4
70,5000,Cobyla,1,2
70,5000,ParametrizedMetaModel(multivariate_optimizer=CmaFmin2),2,5
70,5000,CMA,3,0
70,5000,ConfPortfolio_scale2_NA_ngopt14s_1,3,38
70,5000,MetaModelOnePlusOne,ngopt_7,4
80,5000,Cobyla,1,2
80,5000,ParametrizedMetaModel(multivariate_optimizer=CmaFmin2),2,5
80,5000,CMA,4,0
80,5000,ConfPortfolio_scale2_NA_ngopt14s_1,4,38
80,5000,MetaModelOnePlusOne,ngopt_3,4
90,5000,Cobyla,1,2
90,5000,ParametrizedMetaModel(multivariate_optimizer=CmaFmin2),2,5
90,5000,CMA,3,0
90,5000,ConfPortfolio_scale2_NA_ngopt14s_1,3,38
90,5000,MetaModelOnePlusOne,ngopt_7,4
100,5000,ParametrizedMetaModel(multivariate_optimizer=CmaFmin2),2,5
100,5000,CMA,3,0
100,5000,ConfPortfolio_scale2_NA_ngopt14s_1,3,38
100,5000,ChainMetaModelPowell,3,1
100,5000,Cobyla,ngopt_1,2
2,6000,ChainMetaModelPowell,1,1
2,6000,ConfPortfolio_scale2_scale=1.3_ngopt14s_18,2,21
2,6000,ConfPortfolio_scale2_scale=1.3_ngopt14s_20,3,19
2,6000,ConfPortfolio_scale2_scale=1.3_ngopt14s_17,4,22
2,6000,ConfPortfolio_scale2_scale=1.3_ngopt14s_13,ngopt_11,26
3,6000,ChainMetaModelPowell,1,1
3,6000,MetaModel,2,3
3,6000,ParametrizedMetaModel(multivariate_optimizer=CmaFmin2),3,5
3,6000,CMA,4,0
3,6000,ConfPortfolio_scale2_scale=1.3_ngopt14s_9,ngopt_12,30
5,6000,ChainMetaModelPowell,1,1
5,6000,MetaModel,2,3
5,6000,CMA,3,0
5,6000,ConfPortfolio_scale2_NA_ngopt14s_1,3,38
5,6000,ConfPortfolio_scale2_NA_ngopt14s_9,ngopt_30,9
10,6000,CMA,1,0
10,6000,MetaModel,2,3
10,6000,ChainMetaModelPowell,3,1
10,6000,ParametrizedMetaModel(multivariate_optimizer=CmaFmin2),5,5
10,6000,ConfPortfolio_scale2_NA_ngopt14s_1,ngopt_3,38
15,6000,CMA,1,0
15,6000,MetaModel,2,3
15,6000,ConfPortfolio_scale2_NA_ngopt14s_1,4,38
15,6000,ChainMetaModelPowell,4,1
15,6000,ParametrizedMetaModel(multivariate_optimizer=CmaFmin2),ngopt_3,5
20,6000,ConfPortfolio_scale2_NA_ngopt14s_1,1,38
20,6000,ChainMetaModelPowell,1,1
20,6000,CMA,3,0
20,6000,MetaModel,4,3
20,6000,ParametrizedMetaModel(multivariate_optimizer=CmaFmin2),ngopt_5,5
25,6000,ChainMetaModelPowell,1,1
25,6000,ConfPortfolio_scale2_NA_ngopt14s_1,1,38
25,6000,ParametrizedMetaModel(multivariate_optimizer=CmaFmin2),3,5
25,6000,MetaModel,4,3
25,6000,CMA,ngopt_5,0
30,6000,ParametrizedMetaModel(multivariate_optimizer=CmaFmin2),1,5
30,6000,ChainMetaModelPowell,2,1
30,6000,ConfPortfolio_scale2_NA_ngopt14s_1,2,38
30,6000,MetaModel,4,3
30,6000,CMA,ngopt_5,0
35,6000,ParametrizedMetaModel(multivariate_optimizer=CmaFmin2),1,5
35,6000,ChainMetaModelPowell,2,1
35,6000,ConfPortfolio_scale2_NA_ngopt14s_1,2,38
35,6000,MetaModel,4,3
35,6000,CMA,ngopt_5,0
40,6000,ParametrizedMetaModel(multivariate_optimizer=CmaFmin2),1,5
40,6000,ChainMetaModelPowell,2,1
40,6000,ConfPortfolio_scale2_NA_ngopt14s_1,2,38
40,6000,MetaModel,4,3
40,6000,CMA,ngopt_6,0
45,6000,ParametrizedMetaModel(multivariate_optimizer=CmaFmin2),1,5
45,6000,ChainMetaModelPowell,2,1
45,6000,ConfPortfolio_scale2_NA_ngopt14s_1,2,38
45,6000,Cobyla,4,2
45,6000,CMA,ngopt_5,0
50,6000,ParametrizedMetaModel(multivariate_optimizer=CmaFmin2),1,5
50,6000,Cobyla,2,2
50,6000,ChainMetaModelPowell,3,1
50,6000,ConfPortfolio_scale2_NA_ngopt14s_1,3,38
50,6000,CMA,ngopt_5,0
60,6000,Cobyla,1,2
60,6000,ParametrizedMetaModel(multivariate_optimizer=CmaFmin2),2,5
60,6000,ConfPortfolio_scale2_NA_ngopt14s_1,3,38
60,6000,ChainMetaModelPowell,3,1
60,6000,MetaModelOnePlusOne,ngopt_7,4
70,6000,Cobyla,1,2
70,6000,ParametrizedMetaModel(multivariate_optimizer=CmaFmin2),2,5
70,6000,CMA,3,0
70,6000,MetaModel,3,3
70,6000,MetaModelOnePlusOne,ngopt_7,4
80,6000,Cobyla,1,2
80,6000,ParametrizedMetaModel(multivariate_optimizer=CmaFmin2),2,5
80,6000,ConfPortfolio_scale2_NA_ngopt14s_1,3,38
80,6000,ChainMetaModelPowell,3,1
80,6000,MetaModelOnePlusOne,ngopt_5,4
90,6000,Cobyla,1,2
90,6000,ParametrizedMetaModel(multivariate_optimizer=CmaFmin2),2,5
90,6000,ConfPortfolio_scale2_NA_ngopt14s_1,3,38
90,6000,ChainMetaModelPowell,3,1
90,6000,MetaModelOnePlusOne,ngopt_5,4
100,6000,Cobyla,1,2
100,6000,ParametrizedMetaModel(multivariate_optimizer=CmaFmin2),2,5
100,6000,ConfPortfolio_scale2_NA_ngopt14s_1,3,38
100,6000,ChainMetaModelPowell,3,1
100,6000,MetaModelOnePlusOne,ngopt_7,4
2,7000,ConfPortfolio_scale2_scale=1.3_ngopt14s_20,1,19
2,7000,ConfPortfolio_scale2_scale=1.3_ngopt14s_17,2,22
2,7000,ConfPortfolio_scale2_scale=1.3_ngopt14s_19,3,20
2,7000,ConfPortfolio_scale2_scale=1.3_ngopt14s_18,4,21
2,7000,ConfPortfolio_scale2_scale=1.3_ngopt14s_15,ngopt_11,24
3,7000,ChainMetaModelPowell,1,1
3,7000,MetaModel,2,3
3,7000,ConfPortfolio_scale2_scale=1.3_ngopt14s_14,3,25
3,7000,ConfPortfolio_scale2_scale=1.3_ngopt14s_18,4,21
3,7000,ConfPortfolio_scale2_scale=1.3_ngopt14s_10,ngopt_19,29
5,7000,ChainMetaModelPowell,1,1
5,7000,MetaModel,2,3
5,7000,CMA,3,0
5,7000,ConfPortfolio_scale2_NA_ngopt14s_1,3,38
5,7000,ConfPortfolio_scale2_NA_ngopt14s_10,ngopt_31,8
10,7000,CMA,1,0
10,7000,MetaModel,2,3
10,7000,ParametrizedMetaModel(multivariate_optimizer=CmaFmin2),3,5
10,7000,ChainMetaModelPowell,4,1
10,7000,ConfPortfolio_scale2_NA_ngopt14s_1,ngopt_4,38
15,7000,CMA,1,0
15,7000,MetaModel,2,3
15,7000,ConfPortfolio_scale2_NA_ngopt14s_1,4,38
15,7000,ChainMetaModelPowell,4,1
15,7000,ParametrizedMetaModel(multivariate_optimizer=CmaFmin2),ngopt_3,5
20,7000,CMA,1,0
20,7000,MetaModel,2,3
20,7000,ConfPortfolio_scale2_NA_ngopt14s_1,4,38
20,7000,ChainMetaModelPowell,4,1
20,7000,ParametrizedMetaModel(multivariate_optimizer=CmaFmin2),ngopt_3,5
25,7000,ParametrizedMetaModel(multivariate_optimizer=CmaFmin2),1,5
25,7000,CMA,2,0
25,7000,MetaModel,3,3
25,7000,ConfPortfolio_scale2_NA_ngopt14s_1,4,38
25,7000,ChainMetaModelPowell,ngopt_4,1
30,7000,ParametrizedMetaModel(multivariate_optimizer=CmaFmin2),1,5
30,7000,ConfPortfolio_scale2_NA_ngopt14s_1,2,38
30,7000,MetaModel,4,3
30,7000,CMA,5,0
30,7000,ChainMetaModelPowell,ngopt_2,1
35,7000,ConfPortfolio_scale2_NA_ngopt14s_1,1,38
35,7000,ParametrizedMetaModel(multivariate_optimizer=CmaFmin2),3,5
35,7000,CMA,4,0
35,7000,MetaModel,4,3
35,7000,ChainMetaModelPowell,ngopt_1,1
40,7000,ConfPortfolio_scale2_NA_ngopt14s_1,1,38
40,7000,ParametrizedMetaModel(multivariate_optimizer=CmaFmin2),3,5
40,7000,MetaModel,4,3
40,7000,CMA,5,0
40,7000,ChainMetaModelPowell,ngopt_1,1
45,7000,ConfPortfolio_scale2_NA_ngopt14s_1,1,38
45,7000,ParametrizedMetaModel(multivariate_optimizer=CmaFmin2),3,5
45,7000,Cobyla,4,2
45,7000,CMA,5,0
45,7000,ChainMetaModelPowell,ngopt_1,1
50,7000,ConfPortfolio_scale2_NA_ngopt14s_1,1,38
50,7000,Cobyla,3,2
50,7000,ParametrizedMetaModel(multivariate_optimizer=CmaFmin2),4,5
50,7000,CMA,5,0
50,7000,ChainMetaModelPowell,ngopt_1,1
60,7000,ParametrizedMetaModel(multivariate_optimizer=CmaFmin2),1,5
60,7000,Cobyla,2,2
60,7000,ConfPortfolio_scale2_NA_ngopt14s_1,3,38
60,7000,ChainMetaModelPowell,3,1
60,7000,MetaModelOnePlusOne,ngopt_7,4
70,7000,Cobyla,1,2
70,7000,ParametrizedMetaModel(multivariate_optimizer=CmaFmin2),2,5
70,7000,ConfPortfolio_scale2_NA_ngopt14s_1,3,38
70,7000,ChainMetaModelPowell,3,1
70,7000,MetaModelOnePlusOne,ngopt_7,4
80,7000,Cobyla,1,2
80,7000,ConfPortfolio_scale2_NA_ngopt14s_1,2,38
80,7000,ChainMetaModelPowell,2,1
80,7000,ParametrizedMetaModel(multivariate_optimizer=CmaFmin2),4,5
80,7000,MetaModelOnePlusOne,ngopt_7,4
90,7000,Cobyla,1,2
90,7000,ParametrizedMetaModel(multivariate_optimizer=CmaFmin2),2,5
90,7000,ConfPortfolio_scale2_NA_ngopt14s_1,3,38
90,7000,ChainMetaModelPowell,3,1
90,7000,MetaModelOnePlusOne,ngopt_7,4
100,7000,Cobyla,1,2
100,7000,ParametrizedMetaModel(multivariate_optimizer=CmaFmin2),2,5
100,7000,ConfPortfolio_scale2_NA_ngopt14s_1,3,38
100,7000,ChainMetaModelPowell,3,1
100,7000,MetaModelOnePlusOne,ngopt_7,4
2,8000,ConfPortfolio_scale2_scale=1.3_ngopt14s_20,2,19
2,8000,ConfPortfolio_scale2_scale=1.3_ngopt14s_18,3,21
2,8000,ConfPortfolio_scale2_scale=1.3_ngopt14s_19,3,20
2,8000,ConfPortfolio_scale2_scale=1.3_ngopt14s_21,5,18
2,8000,ConfPortfolio_scale2_scale=1.3_ngopt14s_17,ngopt_1,22
3,8000,ChainMetaModelPowell,1,1
3,8000,MetaModel,2,3
3,8000,ConfPortfolio_scale2_scale=1.3_ngopt14s_14,3,25
3,8000,ConfPortfolio_scale2_scale=1.3_ngopt14s_18,4,21
3,8000,ConfPortfolio_scale2_scale=1.3_ngopt14s_11,ngopt_22,28
5,8000,ChainMetaModelPowell,1,1
5,8000,MetaModel,2,3
5,8000,CMA,3,0
5,8000,ConfPortfolio_scale2_NA_ngopt14s_1,3,38
5,8000,ConfPortfolio_scale2_NA_ngopt14s_11,ngopt_29,7
10,8000,CMA,1,0
10,8000,MetaModel,2,3
10,8000,ParametrizedMetaModel(multivariate_optimizer=CmaFmin2),3,5
10,8000,ChainMetaModelPowell,4,1
10,8000,ConfPortfolio_scale2_NA_ngopt14s_1,ngopt_4,38
15,8000,CMA,1,0
15,8000,MetaModel,2,3
15,8000,ParametrizedMetaModel(multivariate_optimizer=CmaFmin2),3,5
15,8000,ChainMetaModelPowell,4,1
15,8000,ConfPortfolio_scale2_NA_ngopt14s_1,ngopt_4,38
20,8000,MetaModel,1,3
20,8000,CMA,2,0
20,8000,ConfPortfolio_scale2_NA_ngopt14s_1,4,38
20,8000,ChainMetaModelPowell,4,1
20,8000,ParametrizedMetaModel(multivariate_optimizer=CmaFmin2),ngopt_2,5
25,8000,ParametrizedMetaModel(multivariate_optimizer=CmaFmin2),1,5
25,8000,CMA,2,0
25,8000,MetaModel,3,3
25,8000,ConfPortfolio_scale2_NA_ngopt14s_1,4,38
25,8000,ChainMetaModelPowell,ngopt_4,1
30,8000,ParametrizedMetaModel(multivariate_optimizer=CmaFmin2),1,5
30,8000,MetaModel,2,3
30,8000,CMA,3,0
30,8000,ConfPortfolio_scale2_NA_ngopt14s_1,4,38
30,8000,ChainMetaModelPowell,ngopt_4,1
35,8000,ParametrizedMetaModel(multivariate_optimizer=CmaFmin2),1,5
35,8000,CMA,2,0
35,8000,MetaModel,3,3
35,8000,ConfPortfolio_scale2_NA_ngopt14s_1,4,38
35,8000,ChainMetaModelPowell,ngopt_4,1
40,8000,ConfPortfolio_scale2_NA_ngopt14s_1,1,38
40,8000,ParametrizedMetaModel(multivariate_optimizer=CmaFmin2),3,5
40,8000,CMA,4,0
40,8000,MetaModel,4,3
40,8000,ChainMetaModelPowell,ngopt_1,1
45,8000,ConfPortfolio_scale2_NA_ngopt14s_1,1,38
45,8000,ParametrizedMetaModel(multivariate_optimizer=CmaFmin2),3,5
45,8000,CMA,4,0
45,8000,MetaModel,4,3
45,8000,ChainMetaModelPowell,ngopt_1,1
50,8000,ConfPortfolio_scale2_NA_ngopt14s_1,1,38
50,8000,ParametrizedMetaModel(multivariate_optimizer=CmaFmin2),3,5
50,8000,CMA,4,0
50,8000,MetaModel,4,3
50,8000,ChainMetaModelPowell,ngopt_1,1
60,8000,ConfPortfolio_scale2_NA_ngopt14s_1,1,38
60,8000,Cobyla,3,2
60,8000,ParametrizedMetaModel(multivariate_optimizer=CmaFmin2),4,5
60,8000,CMA,5,0
60,8000,ChainMetaModelPowell,ngopt_1,1
70,8000,ConfPortfolio_scale2_NA_ngopt14s_1,1,38
70,8000,ChainMetaModelPowell,1,1
70,8000,Cobyla,3,2
70,8000,ParametrizedMetaModel(multivariate_optimizer=CmaFmin2),4,5
70,8000,MetaModelOnePlusOne,ngopt_7,4
80,8000,Cobyla,1,2
80,8000,ConfPortfolio_scale2_NA_ngopt14s_1,2,38
80,8000,ChainMetaModelPowell,2,1
80,8000,ParametrizedMetaModel(multivariate_optimizer=CmaFmin2),4,5
80,8000,MetaModelOnePlusOne,ngopt_5,4
90,8000,Cobyla,1,2
90,8000,ParametrizedMetaModel(multivariate_optimizer=CmaFmin2),2,5
90,8000,ConfPortfolio_scale2_NA_ngopt14s_1,3,38
90,8000,ChainMetaModelPowell,3,1
90,8000,MetaModelOnePlusOne,ngopt_8,4
100,8000,Cobyla,1,2
100,8000,ConfPortfolio_scale2_NA_ngopt14s_1,2,38
100,8000,ChainMetaModelPowell,2,1
100,8000,ParametrizedMetaModel(multivariate_optimizer=CmaFmin2),4,5
100,8000,MetaModelOnePlusOne,ngopt_7,4
2,9000,ConfPortfolio_scale2_scale=1.3_ngopt14s_17,1,22
2,9000,ConfPortfolio_scale2_scale=1.3_ngopt14s_18,2,21
2,9000,ConfPortfolio_scale2_scale=1.3_ngopt14s_20,3,19
2,9000,ConfPortfolio_scale2_scale=1.3_ngopt14s_21,5,18
2,9000,ConfPortfolio_scale2_scale=1.3_ngopt14s_19,ngopt_4,20
3,9000,ChainMetaModelPowell,1,1
3,9000,MetaModel,2,3
3,9000,ConfPortfolio_scale2_scale=1.3_ngopt14s_14,3,25
3,9000,ConfPortfolio_scale2_scale=1.3_ngopt14s_17,4,22
3,9000,ConfPortfolio_scale2_scale=1.3_ngopt14s_13,ngopt_25,26
5,9000,MetaModel,1,3
5,9000,ChainMetaModelPowell,2,1
5,9000,CMA,3,0
5,9000,ConfPortfolio_scale2_NA_ngopt14s_1,3,38
5,9000,ConfPortfolio_scale2_NA_ngopt14s_11,ngopt_30,7
10,9000,CMA,1,0
10,9000,MetaModel,2,3
10,9000,ConfPortfolio_scale2_scale=1.3_ngopt14s_2,3,37
10,9000,ParametrizedMetaModel(multivariate_optimizer=CmaFmin2),4,5
10,9000,ConfPortfolio_scale2_NA_ngopt14s_1,ngopt_5,38
15,9000,CMA,1,0
15,9000,MetaModel,2,3
15,9000,ParametrizedMetaModel(multivariate_optimizer=CmaFmin2),3,5
15,9000,ChainMetaModelPowell,4,1
15,9000,ConfPortfolio_scale2_NA_ngopt14s_1,ngopt_4,38
20,9000,CMA,1,0
20,9000,MetaModel,3,3
20,9000,ConfPortfolio_scale2_NA_ngopt14s_1,4,38
20,9000,ChainMetaModelPowell,4,1
20,9000,ParametrizedMetaModel(multivariate_optimizer=CmaFmin2),ngopt_2,5
25,9000,ParametrizedMetaModel(multivariate_optimizer=CmaFmin2),1,5
25,9000,CMA,2,0
25,9000,MetaModel,3,3
25,9000,ConfPortfolio_scale2_NA_ngopt14s_1,4,38
25,9000,ChainMetaModelPowell,ngopt_4,1
30,9000,ParametrizedMetaModel(multivariate_optimizer=CmaFmin2),1,5
30,9000,CMA,2,0
30,9000,MetaModel,3,3
30,9000,ConfPortfolio_scale2_NA_ngopt14s_1,4,38
30,9000,ChainMetaModelPowell,ngopt_4,1
35,9000,ParametrizedMetaModel(multivariate_optimizer=CmaFmin2),1,5
35,9000,CMA,2,0
35,9000,MetaModel,2,3
35,9000,ConfPortfolio_scale2_NA_ngopt14s_1,4,38
35,9000,ChainMetaModelPowell,ngopt_4,1
40,9000,ParametrizedMetaModel(multivariate_optimizer=CmaFmin2),1,5
40,9000,ConfPortfolio_scale2_NA_ngopt14s_1,2,38
40,9000,CMA,4,0
40,9000,MetaModel,4,3
40,9000,ChainMetaModelPowell,ngopt_2,1
45,9000,ParametrizedMetaModel(multivariate_optimizer=CmaFmin2),1,5
45,9000,ConfPortfolio_scale2_NA_ngopt14s_1,2,38
45,9000,CMA,4,0
45,9000,MetaModel,4,3
45,9000,ChainMetaModelPowell,ngopt_2,1
50,9000,ConfPortfolio_scale2_NA_ngopt14s_1,1,38
50,9000,MetaModel,3,3
50,9000,CMA,3,0
50,9000,ParametrizedMetaModel(multivariate_optimizer=CmaFmin2),5,5
50,9000,ChainMetaModelPowell,ngopt_1,1
60,9000,ConfPortfolio_scale2_NA_ngopt14s_1,1,38
60,9000,ParametrizedMetaModel(multivariate_optimizer=CmaFmin2),3,5
60,9000,Cobyla,4,2
60,9000,CMA,5,0
60,9000,ChainMetaModelPowell,ngopt_1,1
70,9000,ConfPortfolio_scale2_NA_ngopt14s_1,1,38
70,9000,ChainMetaModelPowell,1,1
70,9000,Cobyla,3,2
70,9000,CMA,4,0
70,9000,MetaModelOnePlusOne,ngopt_7,4
80,9000,ConfPortfolio_scale2_NA_ngopt14s_1,1,38
80,9000,ChainMetaModelPowell,1,1
80,9000,Cobyla,3,2
80,9000,CMA,5,0
80,9000,MetaModelOnePlusOne,ngopt_4,4
90,9000,ConfPortfolio_scale2_NA_ngopt14s_1,1,38
90,9000,ChainMetaModelPowell,1,1
90,9000,Cobyla,3,2
90,9000,ParametrizedMetaModel(multivariate_optimizer=CmaFmin2),4,5
90,9000,MetaModelOnePlusOne,ngopt_8,4
100,9000,ConfPortfolio_scale2_NA_ngopt14s_1,1,38
100,9000,ChainMetaModelPowell,1,1
100,9000,Cobyla,3,2
100,9000,ParametrizedMetaModel(multivariate_optimizer=CmaFmin2),4,5
100,9000,MetaModelOnePlusOne,ngopt_9,4
2,10000,ConfPortfolio_scale2_scale=1.3_ngopt14s_17,1,22
2,10000,ConfPortfolio_scale2_scale=1.3_ngopt14s_18,2,21
2,10000,ConfPortfolio_scale2_scale=1.3_ngopt14s_20,3,19
2,10000,ConfPortfolio_scale2_scale=1.3_ngopt14s_19,4,20
2,10000,ConfPortfolio_scale2_scale=1.3_ngopt14s_21,ngopt_5,18
3,10000,MetaModel,2,3
3,10000,ConfPortfolio_scale2_scale=1.3_ngopt14s_17,3,22
3,10000,ChainMetaModelPowell,4,1
3,10000,ConfPortfolio_scale2_scale=1.3_ngopt14s_18,5,21
3,10000,ConfPortfolio_scale2_scale=1.3_ngopt14s_14,ngopt_1,25
5,10000,MetaModel,1,3
5,10000,ConfPortfolio_scale2_scale=1.3_ngopt14s_13,2,26
5,10000,ConfPortfolio_scale2_scale=1.3_ngopt14s_18,2,21
5,10000,ChainMetaModelPowell,4,1
5,10000,ConfPortfolio_scale2_NA_ngopt14s_12,ngopt_30,6
10,10000,CMA,1,0
10,10000,MetaModel,2,3
10,10000,ConfPortfolio_scale2_scale=1.3_ngopt14s_4,4,35
10,10000,ConfPortfolio_scale2_scale=1.3_ngopt14s_5,5,34
10,10000,ConfPortfolio_scale2_scale=1.3_ngopt14s_2,ngopt_3,37
15,10000,CMA,1,0
15,10000,MetaModel,2,3
15,10000,ParametrizedMetaModel(multivariate_optimizer=CmaFmin2),3,5
15,10000,ChainMetaModelPowell,4,1
15,10000,ConfPortfolio_scale2_NA_ngopt14s_1,ngopt_4,38
20,10000,CMA,1,0
20,10000,MetaModel,2,3
20,10000,ConfPortfolio_scale2_NA_ngopt14s_1,4,38
20,10000,ChainMetaModelPowell,4,1
20,10000,ParametrizedMetaModel(multivariate_optimizer=CmaFmin2),ngopt_3,5
25,10000,ParametrizedMetaModel(multivariate_optimizer=CmaFmin2),1,5
25,10000,CMA,2,0
25,10000,MetaModel,3,3
25,10000,ConfPortfolio_scale2_NA_ngopt14s_1,4,38
25,10000,ChainMetaModelPowell,ngopt_4,1
30,10000,ParametrizedMetaModel(multivariate_optimizer=CmaFmin2),1,5
30,10000,MetaModel,2,3
30,10000,CMA,3,0
30,10000,ConfPortfolio_scale2_NA_ngopt14s_1,4,38
30,10000,ChainMetaModelPowell,ngopt_4,1
35,10000,ParametrizedMetaModel(multivariate_optimizer=CmaFmin2),1,5
35,10000,ConfPortfolio_scale2_NA_ngopt14s_1,2,38
35,10000,CMA,4,0
35,10000,MetaModel,4,3
35,10000,ChainMetaModelPowell,ngopt_2,1
40,10000,ParametrizedMetaModel(multivariate_optimizer=CmaFmin2),1,5
40,10000,CMA,2,0
40,10000,ConfPortfolio_scale2_NA_ngopt14s_1,2,38
40,10000,MetaModel,2,3
40,10000,ChainMetaModelPowell,ngopt_2,1
45,10000,ParametrizedMetaModel(multivariate_optimizer=CmaFmin2),1,5
45,10000,CMA,2,0
45,10000,MetaModel,2,3
45,10000,ConfPortfolio_scale2_NA_ngopt14s_1,4,38
45,10000,ChainMetaModelPowell,ngopt_4,1
50,10000,ConfPortfolio_scale2_NA_ngopt14s_1,1,38
50,10000,MetaModel,3,3
50,10000,CMA,3,0
50,10000,ParametrizedMetaModel(multivariate_optimizer=CmaFmin2),5,5
50,10000,ChainMetaModelPowell,ngopt_1,1
60,10000,ConfPortfolio_scale2_NA_ngopt14s_1,1,38
60,10000,ParametrizedMetaModel(multivariate_optimizer=CmaFmin2),3,5
60,10000,CMA,4,0
60,10000,MetaModel,4,3
60,10000,ChainMetaModelPowell,ngopt_1,1
70,10000,ConfPortfolio_scale2_NA_ngopt14s_1,1,38
70,10000,Cobyla,3,2
70,10000,CMA,4,0
70,10000,MetaModel,4,3
70,10000,ChainMetaModelPowell,ngopt_1,1
80,10000,ConfPortfolio_scale2_NA_ngopt14s_1,1,38
80,10000,ChainMetaModelPowell,1,1
80,10000,Cobyla,3,2
80,10000,CMA,5,0
80,10000,MetaModelOnePlusOne,ngopt_4,4
90,10000,ConfPortfolio_scale2_NA_ngopt14s_1,1,38
90,10000,ChainMetaModelPowell,1,1
90,10000,Cobyla,3,2
90,10000,ParametrizedMetaModel(multivariate_optimizer=CmaFmin2),4,5
90,10000,MetaModelOnePlusOne,ngopt_8,4
100,10000,ConfPortfolio_scale2_NA_ngopt14s_1,1,38
100,10000,ChainMetaModelPowell,1,1
100,10000,Cobyla,3,2
100,10000,ParametrizedMetaModel(multivariate_optimizer=CmaFmin2),4,5
100,10000,MetaModelOnePlusOne,ngopt_8,4
